--
-- PostgreSQL database dump
--

SET statement_timeout = 0;
SET lock_timeout = 0;
SET client_encoding = 'UTF8';
SET standard_conforming_strings = on;
SET check_function_bodies = false;
SET client_min_messages = warning;

--
-- Name: plpgsql; Type: EXTENSION; Schema: -; Owner: 
--

CREATE EXTENSION IF NOT EXISTS plpgsql WITH SCHEMA pg_catalog;


--
-- Name: EXTENSION plpgsql; Type: COMMENT; Schema: -; Owner: 
--

COMMENT ON EXTENSION plpgsql IS 'PL/pgSQL procedural language';


SET search_path = public, pg_catalog;

SET default_tablespace = '';

SET default_with_oids = false;

--
-- Name: databasechangelog; Type: TABLE; Schema: public; Owner: postgres; Tablespace: 
--

CREATE TABLE databasechangelog (
    id character varying(255) NOT NULL,
    author character varying(255) NOT NULL,
    filename character varying(255) NOT NULL,
    dateexecuted timestamp without time zone NOT NULL,
    orderexecuted integer NOT NULL,
    exectype character varying(10) NOT NULL,
    md5sum character varying(35),
    description character varying(255),
    comments character varying(255),
    tag character varying(255),
    liquibase character varying(20)
);


ALTER TABLE public.databasechangelog OWNER TO postgres;

--
-- Name: databasechangeloglock; Type: TABLE; Schema: public; Owner: postgres; Tablespace: 
--

CREATE TABLE databasechangeloglock (
    id integer NOT NULL,
    locked boolean NOT NULL,
    lockgranted timestamp without time zone,
    lockedby character varying(255)
);


ALTER TABLE public.databasechangeloglock OWNER TO postgres;

--
-- Name: hibernate_sequence; Type: SEQUENCE; Schema: public; Owner: postgres
--

CREATE SEQUENCE hibernate_sequence
    START WITH 1000
    INCREMENT BY 1
    NO MINVALUE
    NO MAXVALUE
    CACHE 1;


ALTER TABLE public.hibernate_sequence OWNER TO postgres;

--
-- Name: t_absensi; Type: TABLE; Schema: public; Owner: postgres; Tablespace: 
--

CREATE TABLE t_absensi (
    id bigint NOT NULL,
    nama_file character varying(255),
    file bytea
);


ALTER TABLE public.t_absensi OWNER TO postgres;

--
-- Name: t_absensi_id_seq; Type: SEQUENCE; Schema: public; Owner: postgres
--

CREATE SEQUENCE t_absensi_id_seq
    START WITH 1
    INCREMENT BY 1
    NO MINVALUE
    NO MAXVALUE
    CACHE 1;


ALTER TABLE public.t_absensi_id_seq OWNER TO postgres;

--
-- Name: t_absensi_id_seq; Type: SEQUENCE OWNED BY; Schema: public; Owner: postgres
--

ALTER SEQUENCE t_absensi_id_seq OWNED BY t_absensi.id;


--
-- Name: t_authority; Type: TABLE; Schema: public; Owner: postgres; Tablespace: 
--

CREATE TABLE t_authority (
    name character varying(50) NOT NULL
);


ALTER TABLE public.t_authority OWNER TO postgres;

--
-- Name: t_ijin; Type: TABLE; Schema: public; Owner: postgres; Tablespace: 
--

CREATE TABLE t_ijin (
    id bigint NOT NULL,
    tanggal_ijin date NOT NULL,
    dari date NOT NULL,
    sampai date NOT NULL,
    alasan character varying(255),
    karyawan_id bigint
);


ALTER TABLE public.t_ijin OWNER TO postgres;

--
-- Name: t_ijin_id_seq; Type: SEQUENCE; Schema: public; Owner: postgres
--

CREATE SEQUENCE t_ijin_id_seq
    START WITH 1
    INCREMENT BY 1
    NO MINVALUE
    NO MAXVALUE
    CACHE 1;


ALTER TABLE public.t_ijin_id_seq OWNER TO postgres;

--
-- Name: t_ijin_id_seq; Type: SEQUENCE OWNED BY; Schema: public; Owner: postgres
--

ALTER SEQUENCE t_ijin_id_seq OWNED BY t_ijin.id;


--
-- Name: t_karyawan; Type: TABLE; Schema: public; Owner: postgres; Tablespace: 
--

CREATE TABLE t_karyawan (
    id bigint NOT NULL,
    id_absensi integer,
    nama_lengkap character varying(255),
    nickname character varying(255),
    start_working date NOT NULL,
    status character varying(255),
    phone character varying(255),
    birthday date NOT NULL,
    tempat_lahir character varying(255),
    alamat_tinggal character varying(255),
    nama_keluarga character varying(255),
    hp_keluarga character varying(255),
    hubungan_keluarga character varying(255),
    jumlah_anak integer
);


ALTER TABLE public.t_karyawan OWNER TO postgres;

--
-- Name: t_karyawan_id_seq; Type: SEQUENCE; Schema: public; Owner: postgres
--

CREATE SEQUENCE t_karyawan_id_seq
    START WITH 1
    INCREMENT BY 1
    NO MINVALUE
    NO MAXVALUE
    CACHE 1;


ALTER TABLE public.t_karyawan_id_seq OWNER TO postgres;

--
-- Name: t_karyawan_id_seq; Type: SEQUENCE OWNED BY; Schema: public; Owner: postgres
--

ALTER SEQUENCE t_karyawan_id_seq OWNED BY t_karyawan.id;


--
-- Name: t_persistent_audit_event; Type: TABLE; Schema: public; Owner: postgres; Tablespace: 
--

CREATE TABLE t_persistent_audit_event (
    event_id bigint NOT NULL,
    principal character varying(255) NOT NULL,
    event_date timestamp without time zone,
    event_type character varying(255)
);


ALTER TABLE public.t_persistent_audit_event OWNER TO postgres;

--
-- Name: t_persistent_audit_event_data; Type: TABLE; Schema: public; Owner: postgres; Tablespace: 
--

CREATE TABLE t_persistent_audit_event_data (
    event_id bigint NOT NULL,
    name character varying(255) NOT NULL,
    value character varying(255)
);


ALTER TABLE public.t_persistent_audit_event_data OWNER TO postgres;

--
-- Name: t_persistent_audit_event_event_id_seq; Type: SEQUENCE; Schema: public; Owner: postgres
--

CREATE SEQUENCE t_persistent_audit_event_event_id_seq
    START WITH 1
    INCREMENT BY 1
    NO MINVALUE
    NO MAXVALUE
    CACHE 1;


ALTER TABLE public.t_persistent_audit_event_event_id_seq OWNER TO postgres;

--
-- Name: t_persistent_audit_event_event_id_seq; Type: SEQUENCE OWNED BY; Schema: public; Owner: postgres
--

ALTER SEQUENCE t_persistent_audit_event_event_id_seq OWNED BY t_persistent_audit_event.event_id;


--
-- Name: t_persistent_token; Type: TABLE; Schema: public; Owner: postgres; Tablespace: 
--

CREATE TABLE t_persistent_token (
    series character varying(255) NOT NULL,
    user_id bigint,
    token_value character varying(255) NOT NULL,
    token_date date,
    ip_address character varying(39),
    user_agent character varying(255)
);


ALTER TABLE public.t_persistent_token OWNER TO postgres;

--
-- Name: t_user; Type: TABLE; Schema: public; Owner: postgres; Tablespace: 
--

CREATE TABLE t_user (
    id bigint NOT NULL,
    login character varying(50) NOT NULL,
    password character varying(100),
    first_name character varying(50),
    last_name character varying(50),
    email character varying(100),
    activated boolean NOT NULL,
    lang_key character varying(5),
    activation_key character varying(20),
    created_by character varying(50) NOT NULL,
    created_date timestamp without time zone NOT NULL,
    last_modified_by character varying(50),
    last_modified_date timestamp without time zone
);


ALTER TABLE public.t_user OWNER TO postgres;

--
-- Name: t_user_authority; Type: TABLE; Schema: public; Owner: postgres; Tablespace: 
--

CREATE TABLE t_user_authority (
    user_id bigint NOT NULL,
    authority_name character varying(50) NOT NULL
);


ALTER TABLE public.t_user_authority OWNER TO postgres;

--
-- Name: t_user_id_seq; Type: SEQUENCE; Schema: public; Owner: postgres
--

CREATE SEQUENCE t_user_id_seq
    START WITH 1
    INCREMENT BY 1
    NO MINVALUE
    NO MAXVALUE
    CACHE 1;


ALTER TABLE public.t_user_id_seq OWNER TO postgres;

--
-- Name: t_user_id_seq; Type: SEQUENCE OWNED BY; Schema: public; Owner: postgres
--

ALTER SEQUENCE t_user_id_seq OWNED BY t_user.id;


--
-- Name: id; Type: DEFAULT; Schema: public; Owner: postgres
--

ALTER TABLE ONLY t_absensi ALTER COLUMN id SET DEFAULT nextval('t_absensi_id_seq'::regclass);


--
-- Name: id; Type: DEFAULT; Schema: public; Owner: postgres
--

ALTER TABLE ONLY t_ijin ALTER COLUMN id SET DEFAULT nextval('t_ijin_id_seq'::regclass);


--
-- Name: id; Type: DEFAULT; Schema: public; Owner: postgres
--

ALTER TABLE ONLY t_karyawan ALTER COLUMN id SET DEFAULT nextval('t_karyawan_id_seq'::regclass);


--
-- Name: event_id; Type: DEFAULT; Schema: public; Owner: postgres
--

ALTER TABLE ONLY t_persistent_audit_event ALTER COLUMN event_id SET DEFAULT nextval('t_persistent_audit_event_event_id_seq'::regclass);


--
-- Name: id; Type: DEFAULT; Schema: public; Owner: postgres
--

ALTER TABLE ONLY t_user ALTER COLUMN id SET DEFAULT nextval('t_user_id_seq'::regclass);


--
-- Data for Name: databasechangelog; Type: TABLE DATA; Schema: public; Owner: postgres
--

COPY databasechangelog (id, author, filename, dateexecuted, orderexecuted, exectype, md5sum, description, comments, tag, liquibase) FROM stdin;
00000000000000	jhipster	classpath:config/liquibase/changelog/00000000000000_initial_schema.xml	2015-02-10 16:56:47.811557	1	EXECUTED	7:eda8cd7fd15284e6128be97bd8edea82	createSequence		\N	3.3.2
00000000000001	jhipster	classpath:config/liquibase/changelog/00000000000000_initial_schema.xml	2015-02-10 16:56:48.532178	2	EXECUTED	7:a32b314dcd6c2629c95ed4366fffe57f	createTable, createIndex (x2), createTable (x2), addPrimaryKey, createTable, addForeignKeyConstraint (x3), loadData, dropDefaultValue, loadData (x2), createTable (x2), addPrimaryKey, createIndex (x2), addForeignKeyConstraint		\N	3.3.2
20150210172512	jhipster	classpath:config/liquibase/changelog/20150210172512_added_entity_Karyawan.xml	2015-02-10 17:40:55.797218	3	EXECUTED	7:44f2e1010842e737dbfd36fd72190580	createTable		\N	3.3.2
20150210173143	jhipster	classpath:config/liquibase/changelog/20150210173143_added_entity_Ijin.xml	2015-02-10 17:40:55.895257	4	EXECUTED	7:6977302967bec75bb2e0d173b7d4797c	createTable, addForeignKeyConstraint		\N	3.3.2
20150211110006	jhipster	classpath:config/liquibase/changelog/20150211110006_added_entity_Absensi.xml	2015-02-11 11:02:17.524477	5	EXECUTED	7:67b1bd93f40c0510a2933a21eee9a4e4	createTable		\N	3.3.2
\.


--
-- Data for Name: databasechangeloglock; Type: TABLE DATA; Schema: public; Owner: postgres
--

COPY databasechangeloglock (id, locked, lockgranted, lockedby) FROM stdin;
1	f	\N	\N
\.


--
-- Name: hibernate_sequence; Type: SEQUENCE SET; Schema: public; Owner: postgres
--

SELECT pg_catalog.setval('hibernate_sequence', 1617, true);


--
-- Data for Name: t_absensi; Type: TABLE DATA; Schema: public; Owner: postgres
--

COPY t_absensi (id, nama_file, file) FROM stdin;
1617	applicationContext.xml	\\x3c3f786d6c2076657273696f6e3d22312e302220656e636f64696e673d225554462d38223f3e0a3c6265616e7320786d6c6e733d22687474703a2f2f7777772e737072696e676672616d65776f726b2e6f72672f736368656d612f6265616e73220a20202020202020786d6c6e733a7873693d22687474703a2f2f7777772e77332e6f72672f323030312f584d4c536368656d612d696e7374616e6365220a20202020202020786d6c6e733a703d22687474703a2f2f7777772e737072696e676672616d65776f726b2e6f72672f736368656d612f70220a20202020202020786d6c6e733a616f703d22687474703a2f2f7777772e737072696e676672616d65776f726b2e6f72672f736368656d612f616f70220a20202020202020786d6c6e733a636f6e746578743d22687474703a2f2f7777772e737072696e676672616d65776f726b2e6f72672f736368656d612f636f6e74657874220a20202020202020786d6c6e733a6a65653d22687474703a2f2f7777772e737072696e676672616d65776f726b2e6f72672f736368656d612f6a6565220a20202020202020786d6c6e733a74783d22687474703a2f2f7777772e737072696e676672616d65776f726b2e6f72672f736368656d612f7478220a202020202020207873693a736368656d614c6f636174696f6e3d22687474703a2f2f7777772e737072696e676672616d65776f726b2e6f72672f736368656d612f6265616e7320687474703a2f2f7777772e737072696e676672616d65776f726b2e6f72672f736368656d612f6265616e732f737072696e672d6265616e732d332e302e7873640a2020202020202020687474703a2f2f7777772e737072696e676672616d65776f726b2e6f72672f736368656d612f616f7020687474703a2f2f7777772e737072696e676672616d65776f726b2e6f72672f736368656d612f616f702f737072696e672d616f702d332e302e7873640a2020202020202020687474703a2f2f7777772e737072696e676672616d65776f726b2e6f72672f736368656d612f636f6e7465787420687474703a2f2f7777772e737072696e676672616d65776f726b2e6f72672f736368656d612f636f6e746578742f737072696e672d636f6e746578742d332e302e7873640a2020202020202020687474703a2f2f7777772e737072696e676672616d65776f726b2e6f72672f736368656d612f6a656520687474703a2f2f7777772e737072696e676672616d65776f726b2e6f72672f736368656d612f6a65652f737072696e672d6a65652d332e302e7873640a2020202020202020687474703a2f2f7777772e737072696e676672616d65776f726b2e6f72672f736368656d612f747820687474703a2f2f7777772e737072696e676672616d65776f726b2e6f72672f736368656d612f74782f737072696e672d74782d332e302e787364223e0a0a20202020200a202020200a202020203c636f6e746578743a616e6e6f746174696f6e2d636f6e6669672f3e0a202020200a202020203c74783a616e6e6f746174696f6e2d64726976656e2f3e0a202020200a202020203c636f6e746578743a636f6d706f6e656e742d7363616e20626173652d7061636b6167653d22636f6d2e67756e736f6674222f3e0a202020200a202020203c6265616e2069643d2264617461536f757263652220636c6173733d226f72672e6170616368652e636f6d6d6f6e732e646263702e426173696344617461536f75726365222064657374726f792d6d6574686f643d22636c6f7365220a20202020202020202020703a647269766572436c6173734e616d653d22636f6d2e6d7973716c2e6a6462632e447269766572220a20202020202020202020703a75726c3d226a6462633a6d7973716c3a2f2f3132372e342e3130392e3133303a333330362f73686f7070696e67220a20202020202020202020703a757365726e616d653d2261646d696e754b396c71444d220a20202020202020202020703a70617373776f72643d2251385341417966624954764e220a20202020202020202020703a696e697469616c53697a653d2235220a20202020202020202020703a6d61784163746976653d223130220a20202020202020202020703a6d617849646c653d2235220a20202020202020202020703a6d696e49646c653d2232220a20202020202020202020703a6d6178576169743d223330303030220a20202020202020202020703a72656d6f76654162616e646f6e65643d2274727565220a20202020202020202020703a72656d6f76654162616e646f6e656454696d656f75743d223330220a20202020202020202020703a76616c69646174696f6e51756572793d2253454c4543542031222f3e0a0a202020203c6265616e2069643d2273657373696f6e466163746f72792220636c6173733d226f72672e737072696e676672616d65776f726b2e6f726d2e68696265726e617465342e4c6f63616c53657373696f6e466163746f72794265616e220a20202020202020202020703a64617461536f757263652d7265663d2264617461536f75726365220a20202020202020202020703a636f6e6669674c6f636174696f6e3d22636c617373706174683a68696265726e6174652e6366672e786d6c223e0a20202020202020203c70726f7065727479206e616d653d2268696265726e61746550726f70657274696573223e0a2020202020202020202020203c70726f70733e0a202020202020202020202020202020203c70726f70206b65793d2268696265726e6174652e63616368652e7573655f7365636f6e645f6c6576656c5f6361636865223e747275653c2f70726f703e0a202020202020202020202020202020203c70726f70206b65793d2268696265726e6174652e63616368652e70726f76696465725f636c617373223e6f72672e68696265726e6174652e63616368652e4568436163686550726f76696465723c2f70726f703e0a202020202020202020202020202020203c70726f70206b65793d2268696265726e6174652e73686f775f73716c223e747275653c2f70726f703e0a202020202020202020202020202020203c70726f70206b65793d2268696265726e6174652e68626d3264646c2e6175746f223e7570646174653c2f70726f703e0a2020202020202020202020203c2f70726f70733e0a20202020202020203c2f70726f70657274793e0a202020203c2f6265616e3e0a202020200a202020203c6265616e2069643d227472616e73616374696f6e4d616e616765722220636c6173733d226f72672e737072696e676672616d65776f726b2e6f726d2e68696265726e617465342e48696265726e6174655472616e73616374696f6e4d616e61676572220a20202020202020202020703a73657373696f6e466163746f72792d7265663d2273657373696f6e466163746f7279222f3e0a202020200a202020203c74783a6164766963652069643d22747841647669636522207472616e73616374696f6e2d6d616e616765723d227472616e73616374696f6e4d616e61676572223e0a20202020202020203c74783a617474726962757465733e0a2020202020202020202020203c74783a6d6574686f64206e616d653d226765742a2220726561642d6f6e6c793d227472756522202f3e0a2020202020202020202020203c74783a6d6574686f64206e616d653d2266696e642a2220726561642d6f6e6c793d227472756522202f3e0a2020202020202020202020203c74783a6d6574686f64206e616d653d222a22202f3e0a20202020202020203c2f74783a617474726962757465733e0a202020203c2f74783a6164766963653e0a0a202020203c616f703a636f6e6669673e0a20202020202020203c616f703a706f696e746375742069643d227573657253657276696365506f696e74437574220a20202020202020202020202065787072657373696f6e3d22657865637574696f6e282a20636f6d2e67756e736f66742e736572766963652e2a536572766963652e2a282e2e292922202f3e0a20202020202020203c616f703a61647669736f72206164766963652d7265663d2274784164766963652220706f696e746375742d7265663d227573657253657276696365506f696e7443757422202f3e0a202020203c2f616f703a636f6e6669673e0a202020200a202020203c6265616e2069643d226d61696c53656e6465722220636c6173733d226f72672e737072696e676672616d65776f726b2e6d61696c2e6a6176616d61696c2e4a6176614d61696c53656e646572496d706c223e20200a202020202020202020203c70726f7065727479206e616d653d22686f7374222076616c75653d22736d74702e676d61696c2e636f6d22202f3e20200a202020202020202020203c70726f7065727479206e616d653d22706f7274222076616c75653d2235383722202f3e0a202020202020202020203c70726f7065727479206e616d653d2270726f746f636f6c222076616c75653d22736d747022202f3e0a202020202020202020203c70726f7065727479206e616d653d22757365726e616d65222076616c75653d2277696479616b617274696b616d61696c40676d61696c2e636f6d22202f3e20200a202020202020202020203c70726f7065727479206e616d653d2270617373776f7264222076616c75653d2277696479616b617274696b616d61696c313922202f3e200a20202020202020202020200a202020202020202020203c70726f7065727479206e616d653d226a6176614d61696c50726f70657274696573223e20200a202020202020202020202020203c70726f70733e0a202020202020202020202020202020203c70726f70206b65793d226d61696c2e736d74702e61757468223e747275653c2f70726f703e0a202020202020202020202020202020203c70726f70206b65793d226d61696c2e736d74702e7374617274746c732e656e61626c65223e747275653c2f70726f703e0a2020202020202020202020203c2f70726f70733e0a202020202020202020203c2f70726f70657274793e20200a202020203c2f6265616e3e20200a3c2f6265616e733e0a
\.


--
-- Name: t_absensi_id_seq; Type: SEQUENCE SET; Schema: public; Owner: postgres
--

SELECT pg_catalog.setval('t_absensi_id_seq', 1, true);


--
-- Data for Name: t_authority; Type: TABLE DATA; Schema: public; Owner: postgres
--

COPY t_authority (name) FROM stdin;
ROLE_ADMIN
ROLE_USER
\.


--
-- Data for Name: t_ijin; Type: TABLE DATA; Schema: public; Owner: postgres
--

COPY t_ijin (id, tanggal_ijin, dari, sampai, alasan, karyawan_id) FROM stdin;
\.


--
-- Name: t_ijin_id_seq; Type: SEQUENCE SET; Schema: public; Owner: postgres
--

SELECT pg_catalog.setval('t_ijin_id_seq', 1, false);


--
-- Data for Name: t_karyawan; Type: TABLE DATA; Schema: public; Owner: postgres
--

COPY t_karyawan (id, id_absensi, nama_lengkap, nickname, start_working, status, phone, birthday, tempat_lahir, alamat_tinggal, nama_keluarga, hp_keluarga, hubungan_keluarga, jumlah_anak) FROM stdin;
\.


--
-- Name: t_karyawan_id_seq; Type: SEQUENCE SET; Schema: public; Owner: postgres
--

SELECT pg_catalog.setval('t_karyawan_id_seq', 1, false);


--
-- Data for Name: t_persistent_audit_event; Type: TABLE DATA; Schema: public; Owner: postgres
--

COPY t_persistent_audit_event (event_id, principal, event_date, event_type) FROM stdin;
1000	anonymousUser	2015-02-10 16:57:58.418	AUTHORIZATION_FAILURE
1001	admin	2015-02-10 16:58:05.953	AUTHENTICATION_SUCCESS
1002	admin	2015-02-10 16:58:06.047	AUTHENTICATION_SUCCESS
1004	admin	2015-02-10 17:42:03.254	AUTHENTICATION_SUCCESS
1003	admin	2015-02-10 17:42:03.254	AUTHENTICATION_SUCCESS
1005	anonymousUser	2015-02-10 17:42:09.866	AUTHORIZATION_FAILURE
1006	user	2015-02-10 17:42:14.402	AUTHENTICATION_SUCCESS
1007	user	2015-02-10 17:42:14.455	AUTHENTICATION_SUCCESS
1008	anonymousUser	2015-02-10 17:42:21.609	AUTHORIZATION_FAILURE
1009	admin	2015-02-10 17:42:25.81	AUTHENTICATION_SUCCESS
1010	admin	2015-02-10 17:42:25.844	AUTHENTICATION_SUCCESS
1012	anonymousUser	2015-02-10 17:53:51.203	AUTHORIZATION_FAILURE
1013	anonymousUser	2015-02-10 17:54:19.679	AUTHORIZATION_FAILURE
1014	anonymousUser	2015-02-10 17:56:47.862	AUTHORIZATION_FAILURE
1015	admin	2015-02-10 17:56:53.226	AUTHENTICATION_SUCCESS
1016	admin	2015-02-10 17:56:53.29	AUTHENTICATION_SUCCESS
1019	anonymousUser	2015-02-10 17:58:31.775	AUTHORIZATION_FAILURE
1020	user	2015-02-10 17:58:37.616	AUTHENTICATION_SUCCESS
1021	user	2015-02-10 17:58:37.657	AUTHENTICATION_SUCCESS
1022	user	2015-02-10 18:00:24.828	AUTHENTICATION_SUCCESS
1023	user	2015-02-10 18:00:24.87	AUTHENTICATION_SUCCESS
1024	user	2015-02-10 18:02:42.631	AUTHENTICATION_SUCCESS
1025	user	2015-02-10 18:07:39.927	AUTHENTICATION_SUCCESS
1026	anonymousUser	2015-02-10 18:07:46.649	AUTHORIZATION_FAILURE
1027	admin	2015-02-10 18:07:53.57	AUTHENTICATION_SUCCESS
1028	admin	2015-02-10 18:07:53.621	AUTHENTICATION_SUCCESS
1029	anonymousUser	2015-02-10 18:08:00.583	AUTHORIZATION_FAILURE
1030	admin	2015-02-10 18:08:37.193	AUTHENTICATION_SUCCESS
1031	admin	2015-02-10 18:08:37.232	AUTHENTICATION_SUCCESS
1032	admin	2015-02-10 18:31:37.431	AUTHENTICATION_SUCCESS
1033	user	2015-02-10 19:33:06.652	AUTHENTICATION_SUCCESS
1034	user	2015-02-10 19:33:07.357	AUTHENTICATION_SUCCESS
1035	admin	2015-02-10 20:36:08.76	AUTHENTICATION_SUCCESS
1036	anonymousUser	2015-02-10 20:36:17.622	AUTHORIZATION_FAILURE
1037	anonymousUser	2015-02-10 20:36:20.401	AUTHORIZATION_FAILURE
1038	admin	2015-02-10 20:36:25.618	AUTHENTICATION_SUCCESS
1039	admin	2015-02-10 20:36:25.675	AUTHENTICATION_SUCCESS
1040	anonymousUser	2015-02-10 20:36:29.964	AUTHORIZATION_FAILURE
1041	user	2015-02-10 20:36:37.385	AUTHENTICATION_SUCCESS
1042	user	2015-02-10 20:36:37.43	AUTHENTICATION_SUCCESS
1043	anonymousUser	2015-02-10 20:36:40.851	AUTHORIZATION_FAILURE
1044	anonymousUser	2015-02-10 20:37:50.177	AUTHORIZATION_FAILURE
1045	admin	2015-02-10 20:37:54.796	AUTHENTICATION_SUCCESS
1046	admin	2015-02-10 20:37:54.842	AUTHENTICATION_SUCCESS
1047	anonymousUser	2015-02-10 20:38:00.668	AUTHORIZATION_FAILURE
1048	user	2015-02-10 20:38:04.819	AUTHENTICATION_SUCCESS
1049	user	2015-02-10 20:38:04.864	AUTHENTICATION_SUCCESS
1050	anonymousUser	2015-02-10 20:40:02.131	AUTHORIZATION_FAILURE
1051	admin	2015-02-10 20:40:06.974	AUTHENTICATION_SUCCESS
1052	admin	2015-02-10 20:40:07	AUTHENTICATION_SUCCESS
1053	anonymousUser	2015-02-10 20:40:11.679	AUTHORIZATION_FAILURE
1054	user	2015-02-10 20:41:19.102	AUTHENTICATION_SUCCESS
1055	user	2015-02-10 20:41:19.145	AUTHENTICATION_SUCCESS
1056	anonymousUser	2015-02-10 20:41:35.293	AUTHORIZATION_FAILURE
1057	anonymousUser	2015-02-10 20:42:58.476	AUTHORIZATION_FAILURE
1058	admin	2015-02-10 20:43:10.367	AUTHENTICATION_SUCCESS
1059	admin	2015-02-10 20:43:10.447	AUTHENTICATION_SUCCESS
1060	anonymousUser	2015-02-10 20:43:19.305	AUTHORIZATION_FAILURE
1061	user	2015-02-10 20:43:23.627	AUTHENTICATION_SUCCESS
1062	user	2015-02-10 20:43:23.67	AUTHENTICATION_SUCCESS
1063	anonymousUser	2015-02-10 20:43:44.839	AUTHORIZATION_FAILURE
1064	anonymousUser	2015-02-10 20:45:27.332	AUTHORIZATION_FAILURE
1065	admin	2015-02-10 20:45:32.51	AUTHENTICATION_SUCCESS
1066	admin	2015-02-10 20:45:32.585	AUTHENTICATION_SUCCESS
1067	anonymousUser	2015-02-10 20:45:35.94	AUTHORIZATION_FAILURE
1068	user	2015-02-10 20:45:43.015	AUTHENTICATION_SUCCESS
1069	user	2015-02-10 20:45:43.05	AUTHENTICATION_SUCCESS
1070	anonymousUser	2015-02-10 20:56:24.885	AUTHORIZATION_FAILURE
1071	user	2015-02-10 20:56:29.701	AUTHENTICATION_SUCCESS
1072	user	2015-02-10 20:56:29.772	AUTHENTICATION_SUCCESS
1073	anonymousUser	2015-02-10 20:56:38.277	AUTHORIZATION_FAILURE
1074	anonymousUser	2015-02-10 20:58:16.366	AUTHORIZATION_FAILURE
1075	user	2015-02-10 20:58:20.685	AUTHENTICATION_SUCCESS
1076	user	2015-02-10 20:58:20.763	AUTHENTICATION_SUCCESS
1077	anonymousUser	2015-02-10 21:00:33.91	AUTHORIZATION_FAILURE
1078	anonymousUser	2015-02-10 21:07:17.75	AUTHORIZATION_FAILURE
1079	user	2015-02-10 21:07:22.983	AUTHENTICATION_SUCCESS
1080	user	2015-02-10 21:07:23.061	AUTHENTICATION_SUCCESS
1081	anonymousUser	2015-02-10 21:07:55.129	AUTHORIZATION_FAILURE
1082	admin	2015-02-10 21:07:58.685	AUTHENTICATION_SUCCESS
1083	admin	2015-02-10 21:07:58.728	AUTHENTICATION_SUCCESS
1084	admin	2015-02-10 21:11:21.592	AUTHENTICATION_SUCCESS
1085	anonymousUser	2015-02-10 21:11:25.649	AUTHORIZATION_FAILURE
1086	user	2015-02-10 21:11:29.525	AUTHENTICATION_SUCCESS
1087	user	2015-02-10 21:11:29.576	AUTHENTICATION_SUCCESS
1088	anonymousUser	2015-02-10 21:14:32.013	AUTHORIZATION_FAILURE
1089	admin	2015-02-10 21:14:37.021	AUTHENTICATION_SUCCESS
1090	admin	2015-02-10 21:14:37.068	AUTHENTICATION_SUCCESS
1092	anonymousUser	2015-02-10 21:53:36.374	AUTHORIZATION_FAILURE
1093	anonymousUser	2015-02-10 21:54:13.676	AUTHORIZATION_FAILURE
1094	user	2015-02-10 21:54:25.538	AUTHENTICATION_SUCCESS
1095	user	2015-02-10 21:54:25.579	AUTHENTICATION_SUCCESS
1096	anonymousUser	2015-02-10 21:54:44.813	AUTHORIZATION_FAILURE
1097	anonymousUser	2015-02-10 22:39:44.238	AUTHORIZATION_FAILURE
1098	admin	2015-02-10 22:39:53.213	AUTHENTICATION_SUCCESS
1099	admin	2015-02-10 22:39:53.288	AUTHENTICATION_SUCCESS
1100	anonymousUser	2015-02-10 22:40:00.79	AUTHORIZATION_FAILURE
1101	user	2015-02-10 22:40:13.815	AUTHENTICATION_SUCCESS
1102	user	2015-02-10 22:40:13.854	AUTHENTICATION_SUCCESS
1103	anonymousUser	2015-02-10 22:40:22.389	AUTHORIZATION_FAILURE
1104	user	2015-02-11 08:36:51.357	AUTHENTICATION_SUCCESS
1105	anonymousUser	2015-02-11 08:37:08.932	AUTHORIZATION_FAILURE
1106	anonymousUser	2015-02-11 08:37:14.057	AUTHORIZATION_FAILURE
1107	admin	2015-02-11 08:37:29.735	AUTHENTICATION_SUCCESS
1108	admin	2015-02-11 08:37:29.802	AUTHENTICATION_SUCCESS
1109	anonymousUser	2015-02-11 08:37:51.06	AUTHORIZATION_FAILURE
1110	anonymousUser	2015-02-11 08:40:06.781	AUTHORIZATION_FAILURE
1111	anonymousUser	2015-02-11 08:40:35.117	AUTHORIZATION_FAILURE
1112	anonymousUser	2015-02-11 08:41:15.832	AUTHORIZATION_FAILURE
1113	anonymousUser	2015-02-11 08:41:26.334	AUTHORIZATION_FAILURE
1114	anonymousUser	2015-02-11 08:41:59.68	AUTHORIZATION_FAILURE
1115	anonymousUser	2015-02-11 08:42:30.721	AUTHORIZATION_FAILURE
1116	anonymousUser	2015-02-11 08:43:19.368	AUTHORIZATION_FAILURE
1117	anonymousUser	2015-02-11 08:43:35.071	AUTHORIZATION_FAILURE
1118	anonymousUser	2015-02-11 08:43:43.083	AUTHORIZATION_FAILURE
1119	anonymousUser	2015-02-11 08:44:24.7	AUTHORIZATION_FAILURE
1120	anonymousUser	2015-02-11 08:44:53.207	AUTHORIZATION_FAILURE
1121	anonymousUser	2015-02-11 08:46:08.084	AUTHORIZATION_FAILURE
1122	anonymousUser	2015-02-11 08:46:16.28	AUTHORIZATION_FAILURE
1123	anonymousUser	2015-02-11 08:46:19.367	AUTHORIZATION_FAILURE
1124	anonymousUser	2015-02-11 08:50:40.721	AUTHORIZATION_FAILURE
1125	anonymousUser	2015-02-11 08:50:53.559	AUTHORIZATION_FAILURE
1126	anonymousUser	2015-02-11 08:53:18.582	AUTHORIZATION_FAILURE
1127	anonymousUser	2015-02-11 08:55:58.754	AUTHORIZATION_FAILURE
1128	user	2015-02-11 08:56:12.891	AUTHENTICATION_SUCCESS
1129	user	2015-02-11 08:56:12.965	AUTHENTICATION_SUCCESS
1130	anonymousUser	2015-02-11 08:58:43.726	AUTHORIZATION_FAILURE
1131	user	2015-02-11 08:58:47.209	AUTHENTICATION_SUCCESS
1132	user	2015-02-11 08:58:47.245	AUTHENTICATION_SUCCESS
1133	anonymousUser	2015-02-11 09:27:28.931	AUTHORIZATION_FAILURE
1134	admin	2015-02-11 09:27:35.106	AUTHENTICATION_SUCCESS
1135	admin	2015-02-11 09:27:35.147	AUTHENTICATION_SUCCESS
1136	anonymousUser	2015-02-11 09:36:07.961	AUTHORIZATION_FAILURE
1137	user	2015-02-11 09:36:11.926	AUTHENTICATION_SUCCESS
1138	user	2015-02-11 09:36:11.966	AUTHENTICATION_SUCCESS
1139	anonymousUser	2015-02-11 10:17:01.393	AUTHORIZATION_FAILURE
1140	admin	2015-02-11 10:17:10.692	AUTHENTICATION_SUCCESS
1141	admin	2015-02-11 10:17:10.746	AUTHENTICATION_SUCCESS
1142	anonymousUser	2015-02-11 10:17:56.529	AUTHORIZATION_FAILURE
1143	user	2015-02-11 10:18:00.817	AUTHENTICATION_SUCCESS
1144	user	2015-02-11 10:18:00.869	AUTHENTICATION_SUCCESS
1147	anonymousUser	2015-02-11 10:18:28.6	AUTHORIZATION_FAILURE
1148	admin	2015-02-11 10:18:32.538	AUTHENTICATION_SUCCESS
1149	admin	2015-02-11 10:18:32.581	AUTHENTICATION_SUCCESS
1150	anonymousUser	2015-02-11 10:27:03.316	AUTHORIZATION_FAILURE
1151	user	2015-02-11 10:27:24.729	AUTHENTICATION_SUCCESS
1152	user	2015-02-11 10:27:24.778	AUTHENTICATION_SUCCESS
1153	anonymousUser	2015-02-11 10:27:51.658	AUTHORIZATION_FAILURE
1154	admin	2015-02-11 10:27:55.507	AUTHENTICATION_SUCCESS
1155	admin	2015-02-11 10:27:55.545	AUTHENTICATION_SUCCESS
1156	anonymousUser	2015-02-11 10:28:53.542	AUTHORIZATION_FAILURE
1157	admin	2015-02-11 10:29:49.612	AUTHENTICATION_SUCCESS
1158	admin	2015-02-11 10:29:49.67	AUTHENTICATION_SUCCESS
1159	admin	2015-02-11 11:00:12.479	AUTHENTICATION_SUCCESS
1160	admin	2015-02-11 11:03:24.969	AUTHENTICATION_SUCCESS
1162	user	2015-02-11 11:17:07.92	AUTHENTICATION_SUCCESS
1163	admin	2015-02-11 11:17:31.42	AUTHENTICATION_SUCCESS
1164	admin	2015-02-11 11:34:03.558	AUTHENTICATION_SUCCESS
1165	admin	2015-02-11 12:07:26.744	AUTHENTICATION_SUCCESS
1166	admin	2015-02-11 12:16:45.325	AUTHENTICATION_SUCCESS
1167	admin	2015-02-11 12:33:22.755	AUTHENTICATION_SUCCESS
1168	admin	2015-02-11 13:18:44.094	AUTHENTICATION_SUCCESS
1173	admin	2015-02-11 13:29:52.474	AUTHENTICATION_SUCCESS
1175	admin	2015-02-11 13:32:36.874	AUTHENTICATION_SUCCESS
1176	admin	2015-02-11 13:36:56.548	AUTHENTICATION_SUCCESS
1177	admin	2015-02-11 13:41:12.129	AUTHENTICATION_SUCCESS
1178	admin	2015-02-11 13:46:25.348	AUTHENTICATION_SUCCESS
1179	admin	2015-02-11 13:50:44.448	AUTHENTICATION_SUCCESS
1180	admin	2015-02-11 13:54:59.557	AUTHENTICATION_SUCCESS
1181	admin	2015-02-11 13:59:27.494	AUTHENTICATION_SUCCESS
1182	admin	2015-02-11 14:05:47.332	AUTHENTICATION_SUCCESS
1183	admin	2015-02-11 14:10:51.468	AUTHENTICATION_SUCCESS
1190	admin	2015-02-11 14:35:29.616	AUTHENTICATION_SUCCESS
1194	admin	2015-02-11 15:48:50.908	AUTHENTICATION_SUCCESS
1195	admin	2015-02-11 15:50:37.266	AUTHENTICATION_SUCCESS
1196	user	2015-02-11 15:55:02.116	AUTHENTICATION_SUCCESS
1197	anonymousUser	2015-02-11 15:55:09.006	AUTHORIZATION_FAILURE
1198	admin	2015-02-11 15:55:13.629	AUTHENTICATION_SUCCESS
1199	admin	2015-02-11 15:55:13.686	AUTHENTICATION_SUCCESS
1200	admin	2015-02-11 16:02:58.527	AUTHENTICATION_SUCCESS
1201	admin	2015-02-11 16:19:58.38	AUTHENTICATION_SUCCESS
1202	anonymousUser	2015-02-11 16:21:20.527	AUTHORIZATION_FAILURE
1203	anonymousUser	2015-02-11 16:21:22.533	AUTHORIZATION_FAILURE
1204	admin	2015-02-11 16:21:26.815	AUTHENTICATION_SUCCESS
1205	admin	2015-02-11 16:21:26.903	AUTHENTICATION_SUCCESS
1206	admin	2015-02-11 16:30:48.253	AUTHENTICATION_SUCCESS
1207	admin	2015-02-11 16:33:05.115	AUTHENTICATION_SUCCESS
1208	admin	2015-02-11 16:36:57.358	AUTHENTICATION_SUCCESS
1209	admin	2015-02-11 16:39:46.233	AUTHENTICATION_SUCCESS
1210	admin	2015-02-11 16:44:48.192	AUTHENTICATION_SUCCESS
1211	admin	2015-02-11 16:47:13.879	AUTHENTICATION_SUCCESS
1212	admin	2015-02-11 16:52:00.879	AUTHENTICATION_SUCCESS
1214	admin	2015-02-11 17:02:15.463	AUTHENTICATION_SUCCESS
1215	admin	2015-02-11 17:07:30.893	AUTHENTICATION_SUCCESS
1216	admin	2015-02-11 17:12:44.086	AUTHENTICATION_SUCCESS
1217	anonymousUser	2015-02-11 17:14:48.458	AUTHORIZATION_FAILURE
1218	anonymousUser	2015-02-11 17:14:51.775	AUTHORIZATION_FAILURE
1219	anonymousUser	2015-02-11 17:15:01.762	AUTHORIZATION_FAILURE
1220	anonymousUser	2015-02-11 17:15:04.756	AUTHORIZATION_FAILURE
1221	anonymousUser	2015-02-11 17:15:07.346	AUTHORIZATION_FAILURE
1222	anonymousUser	2015-02-11 17:15:18.372	AUTHORIZATION_FAILURE
1223	anonymousUser	2015-02-11 17:15:23.51	AUTHORIZATION_FAILURE
1224	user	2015-02-11 17:15:27.844	AUTHENTICATION_SUCCESS
1225	user	2015-02-11 17:15:27.892	AUTHENTICATION_SUCCESS
1226	anonymousUser	2015-02-11 17:19:07.864	AUTHORIZATION_FAILURE
1227	admin	2015-02-11 17:19:13.723	AUTHENTICATION_SUCCESS
1228	admin	2015-02-11 17:19:13.773	AUTHENTICATION_SUCCESS
1229	admin	2015-02-11 17:41:59.403	AUTHENTICATION_SUCCESS
1230	admin	2015-02-11 17:55:44.109	AUTHENTICATION_SUCCESS
1231	admin	2015-02-11 18:34:53.25	AUTHENTICATION_SUCCESS
1232	admin	2015-02-11 18:44:41.316	AUTHENTICATION_SUCCESS
1234	admin	2015-02-12 08:54:54.161	AUTHENTICATION_SUCCESS
1235	admin	2015-02-12 08:55:02.45	AUTHENTICATION_SUCCESS
1236	admin	2015-02-12 09:06:28.179	AUTHENTICATION_SUCCESS
1237	admin	2015-02-12 09:14:17.683	AUTHENTICATION_SUCCESS
1238	admin	2015-02-12 09:39:45.964	AUTHENTICATION_SUCCESS
1239	admin	2015-02-12 09:42:41.58	AUTHENTICATION_SUCCESS
1240	admin	2015-02-12 09:44:47.143	AUTHENTICATION_SUCCESS
1241	admin	2015-02-12 09:47:47.213	AUTHENTICATION_SUCCESS
1242	admin	2015-02-12 09:50:56.696	AUTHENTICATION_SUCCESS
1243	admin	2015-02-12 09:59:06.661	AUTHENTICATION_SUCCESS
1244	admin	2015-02-12 10:01:03.652	AUTHENTICATION_SUCCESS
1245	admin	2015-02-12 10:11:44.783	AUTHENTICATION_SUCCESS
1246	admin	2015-02-12 10:11:49.128	AUTHENTICATION_SUCCESS
1247	admin	2015-02-12 10:21:57.469	AUTHENTICATION_SUCCESS
1248	admin	2015-02-12 10:21:57.708	AUTHENTICATION_SUCCESS
1249	admin	2015-02-12 11:30:46.276	AUTHENTICATION_SUCCESS
1250	admin	2015-02-12 11:30:58.869	AUTHENTICATION_SUCCESS
1251	admin	2015-02-12 11:37:29.388	AUTHENTICATION_SUCCESS
1252	admin	2015-02-12 11:43:08.25	AUTHENTICATION_SUCCESS
1253	admin	2015-02-12 11:50:14.089	AUTHENTICATION_SUCCESS
1254	admin	2015-02-12 13:24:24.08	AUTHENTICATION_SUCCESS
1255	admin	2015-02-12 13:52:17.674	AUTHENTICATION_SUCCESS
1258	admin	2015-02-12 13:56:24.738	AUTHENTICATION_SUCCESS
1261	admin	2015-02-12 14:03:15.508	AUTHENTICATION_SUCCESS
1270	admin	2015-02-12 14:18:04.408	AUTHENTICATION_SUCCESS
1271	admin	2015-02-12 14:19:53.656	AUTHENTICATION_SUCCESS
1272	admin	2015-02-12 14:22:49.393	AUTHENTICATION_SUCCESS
1273	admin	2015-02-12 14:24:36.269	AUTHENTICATION_SUCCESS
1274	admin	2015-02-12 14:30:34.963	AUTHENTICATION_SUCCESS
1276	admin	2015-02-12 14:37:24.252	AUTHENTICATION_SUCCESS
1277	admin	2015-02-12 14:44:05.275	AUTHENTICATION_SUCCESS
1279	admin	2015-02-12 15:27:19.734	AUTHENTICATION_SUCCESS
1281	admin	2015-02-12 15:30:31.053	AUTHENTICATION_SUCCESS
1283	admin	2015-02-12 15:43:59.182	AUTHENTICATION_SUCCESS
1284	admin	2015-02-12 15:51:57.259	AUTHENTICATION_SUCCESS
1289	admin	2015-02-12 16:08:45.823	AUTHENTICATION_SUCCESS
1290	admin	2015-02-12 17:05:17.909	AUTHENTICATION_SUCCESS
1291	admin	2015-02-12 17:08:26.411	AUTHENTICATION_SUCCESS
1292	admin	2015-02-12 17:11:46.322	AUTHENTICATION_SUCCESS
1293	admin	2015-02-12 17:20:39.268	AUTHENTICATION_SUCCESS
1294	admin	2015-02-12 17:23:18.196	AUTHENTICATION_SUCCESS
1295	admin	2015-02-12 17:25:32.66	AUTHENTICATION_SUCCESS
1296	admin	2015-02-12 17:32:49.784	AUTHENTICATION_SUCCESS
1297	admin	2015-02-12 17:35:20.741	AUTHENTICATION_SUCCESS
1298	admin	2015-02-12 17:41:20.504	AUTHENTICATION_SUCCESS
1301	anonymousUser	2015-02-12 17:52:54.197	AUTHORIZATION_FAILURE
1302	anonymousUser	2015-02-12 17:52:55.096	AUTHORIZATION_FAILURE
1303	anonymousUser	2015-02-12 19:59:47.33	AUTHORIZATION_FAILURE
1304	admin	2015-02-12 19:59:56.359	AUTHENTICATION_SUCCESS
1305	admin	2015-02-12 19:59:56.511	AUTHENTICATION_SUCCESS
1310	anonymousUser	2015-02-12 21:16:05.967	AUTHORIZATION_FAILURE
1311	admin	2015-02-12 21:16:09.121	AUTHENTICATION_SUCCESS
1312	admin	2015-02-12 21:16:09.171	AUTHENTICATION_SUCCESS
1318	admin	2015-02-12 21:46:06.753	AUTHENTICATION_SUCCESS
1319	admin	2015-02-12 22:21:36.242	AUTHENTICATION_SUCCESS
1320	admin	2015-02-12 22:21:43.285	AUTHENTICATION_SUCCESS
1325	admin	2015-02-12 23:07:27.898	AUTHENTICATION_SUCCESS
1326	admin	2015-02-12 23:07:27.921	AUTHENTICATION_SUCCESS
1328	admin	2015-02-12 23:15:57.468	AUTHENTICATION_SUCCESS
1330	admin	2015-02-12 23:19:47.91	AUTHENTICATION_SUCCESS
1332	admin	2015-02-12 23:26:40.263	AUTHENTICATION_SUCCESS
1333	admin	2015-02-12 23:30:03.96	AUTHENTICATION_SUCCESS
1335	admin	2015-02-12 23:43:22.242	AUTHENTICATION_SUCCESS
1337	admin	2015-02-12 23:44:33.056	AUTHENTICATION_SUCCESS
1339	admin	2015-02-13 23:47:04.065	AUTHENTICATION_SUCCESS
1343	admin	2015-02-12 23:58:33.936	AUTHENTICATION_SUCCESS
1347	admin	2015-02-13 00:16:33.353	AUTHENTICATION_SUCCESS
1349	admin	2015-02-13 00:19:02.296	AUTHENTICATION_SUCCESS
1354	anonymousUser	2015-02-13 05:42:16.79	AUTHORIZATION_FAILURE
1355	admin	2015-02-13 05:42:22.863	AUTHENTICATION_SUCCESS
1356	admin	2015-02-13 05:42:22.947	AUTHENTICATION_SUCCESS
1358	admin	2015-02-13 05:46:08.493	AUTHENTICATION_SUCCESS
1368	anonymousUser	2015-02-13 06:34:41.313	AUTHORIZATION_FAILURE
1369	admin	2015-02-13 06:35:08.931	AUTHENTICATION_SUCCESS
1370	admin	2015-02-13 06:35:09.007	AUTHENTICATION_SUCCESS
1372	admin	2015-02-13 06:40:21.729	AUTHENTICATION_SUCCESS
1374	admin	2015-02-13 06:43:26.204	AUTHENTICATION_SUCCESS
1376	admin	2015-02-13 06:45:47.179	AUTHENTICATION_SUCCESS
1378	admin	2015-02-13 06:48:14.025	AUTHENTICATION_SUCCESS
1380	admin	2015-02-13 06:49:51.102	AUTHENTICATION_SUCCESS
1387	admin	2015-02-13 09:08:44.978	AUTHENTICATION_SUCCESS
1388	anonymousUser	2015-02-13 09:09:47.559	AUTHORIZATION_FAILURE
1389	anonymousUser	2015-02-13 09:09:53.972	AUTHORIZATION_FAILURE
1390	anonymousUser	2015-02-13 09:10:03.228	AUTHORIZATION_FAILURE
1391	anonymousUser	2015-02-13 09:10:14.933	AUTHORIZATION_FAILURE
1392	anonymousUser	2015-02-13 09:10:22.178	AUTHORIZATION_FAILURE
1393	admin	2015-02-13 09:12:45.904	AUTHENTICATION_SUCCESS
1394	anonymousUser	2015-02-13 09:12:53.654	AUTHORIZATION_FAILURE
1395	anonymousUser	2015-02-13 09:13:21.891	AUTHORIZATION_FAILURE
1396	anonymousUser	2015-02-13 09:13:46.525	AUTHORIZATION_FAILURE
1397	admin	2015-02-13 09:13:52.406	AUTHENTICATION_SUCCESS
1398	admin	2015-02-13 09:13:52.545	AUTHENTICATION_SUCCESS
1400	anonymousUser	2015-02-13 09:15:15.415	AUTHORIZATION_FAILURE
1401	anonymousUser	2015-02-13 09:15:18.54	AUTHORIZATION_FAILURE
1402	anonymousUser	2015-02-13 09:15:30.727	AUTHORIZATION_FAILURE
1403	anonymousUser	2015-02-13 09:16:02.577	AUTHORIZATION_FAILURE
1404	anonymousUser	2015-02-13 09:16:27.398	AUTHORIZATION_FAILURE
1405	anonymousUser	2015-02-13 09:16:30.007	AUTHORIZATION_FAILURE
1406	admin	2015-02-13 09:16:36.073	AUTHENTICATION_SUCCESS
1407	admin	2015-02-13 09:16:36.115	AUTHENTICATION_SUCCESS
1409	anonymousUser	2015-02-13 09:17:39.264	AUTHORIZATION_FAILURE
1413	anonymousUser	2015-02-13 09:18:14.612	AUTHORIZATION_FAILURE
1410	anonymousUser	2015-02-13 09:17:48.656	AUTHORIZATION_FAILURE
1411	anonymousUser	2015-02-13 09:17:50.101	AUTHORIZATION_FAILURE
1412	anonymousUser	2015-02-13 09:18:09.156	AUTHORIZATION_FAILURE
1414	user	2015-02-13 09:18:18.856	AUTHENTICATION_SUCCESS
1415	user	2015-02-13 09:18:18.894	AUTHENTICATION_SUCCESS
1416	anonymousUser	2015-02-13 09:24:18.07	AUTHORIZATION_FAILURE
1417	user	2015-02-13 09:25:23.595	AUTHENTICATION_SUCCESS
1418	user	2015-02-13 09:25:23.674	AUTHORIZATION_FAILURE
1419	user	2015-02-13 09:25:30.436	AUTHORIZATION_FAILURE
1420	user	2015-02-13 09:25:37.866	AUTHORIZATION_FAILURE
1421	user	2015-02-13 09:25:37.868	AUTHORIZATION_FAILURE
1422	anonymousUser	2015-02-13 09:26:41.7	AUTHORIZATION_FAILURE
1423	user	2015-02-13 09:32:10.447	AUTHENTICATION_SUCCESS
1425	user	2015-02-13 09:32:17.284	AUTHORIZATION_FAILURE
1424	user	2015-02-13 09:32:17.284	AUTHORIZATION_FAILURE
1426	user	2015-02-13 09:34:06.484	AUTHORIZATION_FAILURE
1427	user	2015-02-13 09:34:06.485	AUTHORIZATION_FAILURE
1429	user	2015-02-13 09:34:32.281	AUTHORIZATION_FAILURE
1428	user	2015-02-13 09:34:32.281	AUTHORIZATION_FAILURE
1430	user	2015-02-13 09:37:31.19	AUTHENTICATION_SUCCESS
1431	user	2015-02-13 09:37:34.33	AUTHORIZATION_FAILURE
1432	user	2015-02-13 09:37:39.357	AUTHORIZATION_FAILURE
1433	anonymousUser	2015-02-13 09:37:48.316	AUTHORIZATION_FAILURE
1434	admin	2015-02-13 09:37:51.872	AUTHENTICATION_SUCCESS
1435	admin	2015-02-13 09:37:51.925	AUTHENTICATION_SUCCESS
1436	admin	2015-02-13 09:40:33.784	AUTHENTICATION_SUCCESS
1438	anonymousUser	2015-02-13 09:41:12.414	AUTHORIZATION_FAILURE
1439	user	2015-02-13 09:41:16.17	AUTHENTICATION_SUCCESS
1440	user	2015-02-13 09:41:16.228	AUTHENTICATION_SUCCESS
1441	user	2015-02-13 09:41:18.323	AUTHORIZATION_FAILURE
1443	anonymousUser	2015-02-13 09:41:30.529	AUTHORIZATION_FAILURE
1444	admin	2015-02-13 09:41:34.271	AUTHENTICATION_SUCCESS
1445	admin	2015-02-13 09:41:34.316	AUTHENTICATION_SUCCESS
1446	anonymousUser	2015-02-13 09:41:46.194	AUTHORIZATION_FAILURE
1447	user	2015-02-13 09:41:51.237	AUTHENTICATION_SUCCESS
1448	user	2015-02-13 09:41:51.273	AUTHENTICATION_SUCCESS
1449	user	2015-02-13 09:41:53.09	AUTHORIZATION_FAILURE
1450	user	2015-02-13 09:45:54.458	AUTHENTICATION_SUCCESS
1451	user	2015-02-13 09:46:00.461	AUTHORIZATION_FAILURE
1452	anonymousUser	2015-02-13 09:47:31.476	AUTHORIZATION_FAILURE
1453	user	2015-02-13 09:47:36.368	AUTHENTICATION_SUCCESS
1454	user	2015-02-13 09:47:36.457	AUTHENTICATION_SUCCESS
1456	anonymousUser	2015-02-13 09:48:13.529	AUTHORIZATION_FAILURE
1457	anonymousUser	2015-02-13 09:48:25.159	AUTHORIZATION_FAILURE
1458	user	2015-02-13 09:48:29.947	AUTHENTICATION_SUCCESS
1459	admin	2015-02-13 09:49:23.431	AUTHENTICATION_SUCCESS
1460	admin	2015-02-13 09:49:23.491	AUTHENTICATION_SUCCESS
1461	anonymousUser	2015-02-13 09:50:14.459	AUTHORIZATION_FAILURE
1462	anonymousUser	2015-02-13 09:50:16.513	AUTHORIZATION_FAILURE
1464	admin	2015-02-13 10:06:55.356	AUTHENTICATION_SUCCESS
1466	anonymousUser	2015-02-13 10:07:30.888	AUTHORIZATION_FAILURE
1467	admin	2015-02-13 10:07:34.935	AUTHENTICATION_SUCCESS
1468	admin	2015-02-13 10:07:34.986	AUTHENTICATION_SUCCESS
1470	admin	2015-02-13 10:12:49.568	AUTHENTICATION_SUCCESS
1471	anonymousUser	2015-02-13 10:13:03.41	AUTHORIZATION_FAILURE
1472	admin	2015-02-13 10:13:34.938	AUTHENTICATION_SUCCESS
1473	admin	2015-02-13 10:13:34.991	AUTHENTICATION_SUCCESS
1476	admin	2015-02-13 10:20:20.531	AUTHENTICATION_SUCCESS
1477	anonymousUser	2015-02-13 10:20:35.789	AUTHORIZATION_FAILURE
1478	user	2015-02-13 10:20:39.936	AUTHENTICATION_SUCCESS
1479	user	2015-02-13 10:20:39.987	AUTHENTICATION_SUCCESS
1480	user	2015-02-13 10:20:41.157	AUTHORIZATION_FAILURE
1481	anonymousUser	2015-02-13 10:21:49.161	AUTHORIZATION_FAILURE
1482	anonymousUser	2015-02-13 10:22:14.808	AUTHORIZATION_FAILURE
1483	admin	2015-02-13 10:22:20.368	AUTHENTICATION_SUCCESS
1484	admin	2015-02-13 10:22:20.41	AUTHENTICATION_SUCCESS
1485	anonymousUser	2015-02-13 10:25:15.027	AUTHORIZATION_FAILURE
1486	anonymousUser	2015-02-13 10:25:25.688	AUTHORIZATION_FAILURE
1487	admin	2015-02-13 10:25:32.233	AUTHENTICATION_SUCCESS
1488	admin	2015-02-13 10:25:32.305	AUTHENTICATION_SUCCESS
1489	admin	2015-02-13 10:26:55.512	AUTHENTICATION_SUCCESS
1490	admin	2015-02-13 10:27:01.843	AUTHENTICATION_SUCCESS
1491	anonymousUser	2015-02-13 10:27:08.587	AUTHORIZATION_FAILURE
1492	anonymousUser	2015-02-13 10:27:11.257	AUTHORIZATION_FAILURE
1493	user	2015-02-13 10:27:17.966	AUTHENTICATION_SUCCESS
1494	user	2015-02-13 10:27:18.016	AUTHENTICATION_SUCCESS
1495	user	2015-02-13 10:30:41.792	AUTHENTICATION_SUCCESS
1496	admin	2015-02-13 10:31:03.83	AUTHENTICATION_SUCCESS
1497	user	2015-02-13 10:33:55.533	AUTHENTICATION_SUCCESS
1498	user	2015-02-13 10:35:58.648	AUTHENTICATION_SUCCESS
1499	anonymousUser	2015-02-13 10:36:04.667	AUTHORIZATION_FAILURE
1500	user	2015-02-13 10:36:09.57	AUTHENTICATION_SUCCESS
1501	user	2015-02-13 10:36:09.628	AUTHENTICATION_SUCCESS
1502	user	2015-02-13 10:38:29.439	AUTHENTICATION_SUCCESS
1503	admin	2015-02-13 10:44:15.489	AUTHENTICATION_SUCCESS
1505	anonymousUser	2015-02-13 10:47:03.334	AUTHORIZATION_FAILURE
1506	admin	2015-02-13 10:48:25.324	AUTHENTICATION_SUCCESS
1507	admin	2015-02-13 10:48:25.384	AUTHENTICATION_SUCCESS
1508	user	2015-02-13 11:01:37.852	AUTHENTICATION_SUCCESS
1509	user	2015-02-13 11:01:46.978	AUTHORIZATION_FAILURE
1510	user	2015-02-13 11:05:03.412	AUTHENTICATION_SUCCESS
1511	anonymousUser	2015-02-13 11:05:11.11	AUTHORIZATION_FAILURE
1512	user	2015-02-13 11:05:16.471	AUTHENTICATION_SUCCESS
1513	user	2015-02-13 11:05:16.522	AUTHENTICATION_SUCCESS
1514	user	2015-02-13 11:07:18.935	AUTHENTICATION_SUCCESS
1515	user	2015-02-13 11:07:19.062	AUTHORIZATION_FAILURE
1516	admin	2015-02-13 11:17:07.726	AUTHENTICATION_SUCCESS
1517	admin	2015-02-13 11:53:59.811	AUTHENTICATION_SUCCESS
1522	user	2015-02-13 11:59:03.388	AUTHENTICATION_SUCCESS
1523	admin	2015-02-13 12:04:19.278	AUTHENTICATION_SUCCESS
1524	user	2015-02-13 12:12:07.501	AUTHENTICATION_SUCCESS
1525	user	2015-02-13 12:12:24.543	AUTHORIZATION_FAILURE
1526	user	2015-02-13 12:12:30.76	AUTHORIZATION_FAILURE
1527	admin	2015-02-13 12:12:37.732	AUTHENTICATION_SUCCESS
1530	anonymousUser	2015-02-13 12:22:54.132	AUTHORIZATION_FAILURE
1531	user	2015-02-13 12:22:58.367	AUTHENTICATION_SUCCESS
1532	user	2015-02-13 12:22:58.441	AUTHENTICATION_SUCCESS
1533	user	2015-02-13 12:23:00.015	AUTHORIZATION_FAILURE
1534	user	2015-02-13 12:23:00.046	AUTHORIZATION_FAILURE
1535	user	2015-02-13 12:24:49.04	AUTHENTICATION_SUCCESS
1536	user	2015-02-13 12:24:50.8	AUTHORIZATION_FAILURE
1537	user	2015-02-13 12:24:50.846	AUTHORIZATION_FAILURE
1538	user	2015-02-13 12:26:33.642	AUTHORIZATION_FAILURE
1539	user	2015-02-13 12:26:52.659	AUTHORIZATION_FAILURE
1540	user	2015-02-13 12:27:08.231	AUTHORIZATION_FAILURE
1541	anonymousUser	2015-02-13 12:28:17.761	AUTHORIZATION_FAILURE
1542	admin	2015-02-13 12:28:21.753	AUTHENTICATION_SUCCESS
1543	admin	2015-02-13 12:28:21.825	AUTHENTICATION_SUCCESS
1544	anonymousUser	2015-02-13 12:28:28.739	AUTHORIZATION_FAILURE
1545	anonymousUser	2015-02-13 12:28:33.509	AUTHORIZATION_FAILURE
1546	admin	2015-02-13 12:28:53.638	AUTHENTICATION_SUCCESS
1547	admin	2015-02-13 12:28:53.691	AUTHENTICATION_SUCCESS
1548	anonymousUser	2015-02-13 12:29:28.596	AUTHORIZATION_FAILURE
1549	admin	2015-02-13 12:29:32.468	AUTHENTICATION_SUCCESS
1550	admin	2015-02-13 12:29:32.514	AUTHENTICATION_SUCCESS
1551	anonymousUser	2015-02-13 12:29:43.216	AUTHORIZATION_FAILURE
1552	user	2015-02-13 12:29:49.507	AUTHENTICATION_SUCCESS
1553	user	2015-02-13 12:29:49.592	AUTHENTICATION_SUCCESS
1554	user	2015-02-13 12:29:51.078	AUTHORIZATION_FAILURE
1555	user	2015-02-13 12:29:51.121	AUTHORIZATION_FAILURE
1556	user	2015-02-13 12:30:42.125	AUTHORIZATION_FAILURE
1557	user	2015-02-13 12:30:42.17	AUTHORIZATION_FAILURE
1559	user	2015-02-13 12:30:57.489	AUTHORIZATION_FAILURE
1560	user	2015-02-13 12:31:24.759	AUTHORIZATION_FAILURE
1561	user	2015-02-13 12:31:24.802	AUTHORIZATION_FAILURE
1563	user	2015-02-13 12:31:37.37	AUTHORIZATION_FAILURE
1564	anonymousUser	2015-02-13 12:31:40.758	AUTHORIZATION_FAILURE
1565	admin	2015-02-13 12:31:44.463	AUTHENTICATION_SUCCESS
1566	admin	2015-02-13 12:31:44.517	AUTHENTICATION_SUCCESS
1567	anonymousUser	2015-02-13 12:32:28.781	AUTHORIZATION_FAILURE
1568	user	2015-02-13 12:32:33.813	AUTHENTICATION_SUCCESS
1569	user	2015-02-13 12:32:33.852	AUTHENTICATION_SUCCESS
1570	user	2015-02-13 12:32:35.566	AUTHORIZATION_FAILURE
1571	user	2015-02-13 12:32:35.593	AUTHORIZATION_FAILURE
1573	user	2015-02-13 12:32:50.151	AUTHORIZATION_FAILURE
1574	anonymousUser	2015-02-13 12:32:52.043	AUTHORIZATION_FAILURE
1575	admin	2015-02-13 12:32:56.539	AUTHENTICATION_SUCCESS
1576	admin	2015-02-13 12:32:56.599	AUTHENTICATION_SUCCESS
1578	user	2015-02-13 12:54:36.236	AUTHENTICATION_SUCCESS
1579	user	2015-02-13 12:57:34.495	AUTHENTICATION_SUCCESS
1580	user	2015-02-13 12:59:01.052	AUTHENTICATION_SUCCESS
1581	user	2015-02-13 13:00:31.986	AUTHENTICATION_SUCCESS
1582	user	2015-02-13 13:00:59.21	AUTHENTICATION_SUCCESS
1583	admin	2015-02-13 13:34:38.497	AUTHENTICATION_SUCCESS
1600	admin	2015-02-13 14:11:54.827	AUTHENTICATION_SUCCESS
1604	admin	2015-02-13 14:22:12.794	AUTHENTICATION_SUCCESS
1607	admin	2015-02-13 14:50:11.027	AUTHENTICATION_SUCCESS
1610	admin	2015-02-13 15:26:38.242	AUTHENTICATION_SUCCESS
1611	admin	2015-02-13 15:26:38.293	AUTHENTICATION_SUCCESS
1612	admin	2015-02-13 15:26:38.314	AUTHENTICATION_SUCCESS
1613	anonymousUser	2015-02-13 16:55:50.645	AUTHORIZATION_FAILURE
1614	anonymousUser	2015-02-13 16:56:15.355	AUTHORIZATION_FAILURE
1615	admin	2015-02-13 16:56:23.863	AUTHENTICATION_SUCCESS
1616	admin	2015-02-13 16:56:23.987	AUTHENTICATION_SUCCESS
\.


--
-- Data for Name: t_persistent_audit_event_data; Type: TABLE DATA; Schema: public; Owner: postgres
--

COPY t_persistent_audit_event_data (event_id, name, value) FROM stdin;
1000	message	Access is denied
1000	type	org.springframework.security.access.AccessDeniedException
1001	sessionId	4D67A291EC6C7F24F04592432B6510D0
1001	remoteAddress	127.0.0.1
1002	sessionId	4D67A291EC6C7F24F04592432B6510D0
1002	remoteAddress	127.0.0.1
1003	sessionId	983AA6C947BD66075E5C62A9DA33FAAC
1003	remoteAddress	127.0.0.1
1004	sessionId	FF1CCF23350B628E4315AE3A35DC656D
1004	remoteAddress	127.0.0.1
1005	message	Access is denied
1005	type	org.springframework.security.access.AccessDeniedException
1006	sessionId	EB0696478843C51D86118159E67EDAC0
1006	remoteAddress	127.0.0.1
1007	sessionId	EB0696478843C51D86118159E67EDAC0
1007	remoteAddress	127.0.0.1
1008	message	Access is denied
1008	type	org.springframework.security.access.AccessDeniedException
1009	sessionId	5AE08B6CF3015027758C333BC5CE6517
1009	remoteAddress	127.0.0.1
1010	sessionId	5AE08B6CF3015027758C333BC5CE6517
1010	remoteAddress	127.0.0.1
1012	message	Access is denied
1012	type	org.springframework.security.access.AccessDeniedException
1013	message	Access is denied
1013	type	org.springframework.security.access.AccessDeniedException
1014	message	Access is denied
1014	type	org.springframework.security.access.AccessDeniedException
1015	sessionId	9D2D610AD3B9082D78682C02E5B4EB52
1015	remoteAddress	127.0.0.1
1016	sessionId	9D2D610AD3B9082D78682C02E5B4EB52
1016	remoteAddress	127.0.0.1
1019	message	Access is denied
1019	type	org.springframework.security.access.AccessDeniedException
1020	sessionId	45F97EDB07E552279571EEB3187D454D
1020	remoteAddress	127.0.0.1
1021	sessionId	45F97EDB07E552279571EEB3187D454D
1021	remoteAddress	127.0.0.1
1022	sessionId	2C3D307E86ED22D28AA34CFD1E666AB2
1022	remoteAddress	127.0.0.1
1023	sessionId	2C3D307E86ED22D28AA34CFD1E666AB2
1023	remoteAddress	127.0.0.1
1024	sessionId	FD934D2FFDB56E709538C6F778B81FF1
1024	remoteAddress	127.0.0.1
1025	sessionId	1059AA85920F25893D48460F38CE1EE3
1025	remoteAddress	127.0.0.1
1026	message	Access is denied
1026	type	org.springframework.security.access.AccessDeniedException
1027	sessionId	2C981BF6C7C6409085F81B38EB9631FE
1027	remoteAddress	127.0.0.1
1028	sessionId	2C981BF6C7C6409085F81B38EB9631FE
1028	remoteAddress	127.0.0.1
1029	message	Access is denied
1029	type	org.springframework.security.access.AccessDeniedException
1030	sessionId	84092BC78D6A13F46CB7FBEA08FA2E92
1030	remoteAddress	127.0.0.1
1031	sessionId	84092BC78D6A13F46CB7FBEA08FA2E92
1031	remoteAddress	127.0.0.1
1032	sessionId	1FC2B94F3E037C899C3FAF1DF88306FA
1032	remoteAddress	127.0.0.1
1033	sessionId	03ED69DFF324E583047801FB8AE6C194
1033	remoteAddress	127.0.0.1
1034	sessionId	03ED69DFF324E583047801FB8AE6C194
1034	remoteAddress	127.0.0.1
1035	sessionId	7ADBDA17748F0D576655286B1691EB0E
1035	remoteAddress	127.0.0.1
1036	message	Access is denied
1036	type	org.springframework.security.access.AccessDeniedException
1037	message	Access is denied
1037	type	org.springframework.security.access.AccessDeniedException
1038	sessionId	142D6872B0997D13C95EB59AADE668C0
1038	remoteAddress	127.0.0.1
1039	sessionId	142D6872B0997D13C95EB59AADE668C0
1039	remoteAddress	127.0.0.1
1040	message	Access is denied
1040	type	org.springframework.security.access.AccessDeniedException
1041	sessionId	5BDBD7FFA860EE53E8997FF5FDCEF67D
1041	remoteAddress	127.0.0.1
1042	sessionId	5BDBD7FFA860EE53E8997FF5FDCEF67D
1042	remoteAddress	127.0.0.1
1043	message	Access is denied
1043	type	org.springframework.security.access.AccessDeniedException
1044	message	Access is denied
1044	type	org.springframework.security.access.AccessDeniedException
1045	sessionId	608D117706A19EE077C2B9512A6339CE
1045	remoteAddress	127.0.0.1
1046	sessionId	608D117706A19EE077C2B9512A6339CE
1046	remoteAddress	127.0.0.1
1047	message	Access is denied
1047	type	org.springframework.security.access.AccessDeniedException
1048	sessionId	D554FF6860D6FC01E37F01C053B19B9C
1048	remoteAddress	127.0.0.1
1049	sessionId	D554FF6860D6FC01E37F01C053B19B9C
1049	remoteAddress	127.0.0.1
1050	message	Access is denied
1050	type	org.springframework.security.access.AccessDeniedException
1051	sessionId	B1DBBF15D7B95B5D03BBA3DD1D4F5AB8
1051	remoteAddress	127.0.0.1
1052	sessionId	B1DBBF15D7B95B5D03BBA3DD1D4F5AB8
1052	remoteAddress	127.0.0.1
1053	message	Access is denied
1053	type	org.springframework.security.access.AccessDeniedException
1054	sessionId	61F3A0BD84D2862F93D6C67994F18E1D
1054	remoteAddress	127.0.0.1
1055	sessionId	61F3A0BD84D2862F93D6C67994F18E1D
1055	remoteAddress	127.0.0.1
1056	message	Access is denied
1056	type	org.springframework.security.access.AccessDeniedException
1057	message	Access is denied
1057	type	org.springframework.security.access.AccessDeniedException
1058	sessionId	C3E3344C1F55B5D39C2213C452AA4432
1058	remoteAddress	127.0.0.1
1059	sessionId	C3E3344C1F55B5D39C2213C452AA4432
1059	remoteAddress	127.0.0.1
1060	message	Access is denied
1060	type	org.springframework.security.access.AccessDeniedException
1061	sessionId	5A3A9E66229B18EB3DFC1DC968029C65
1061	remoteAddress	127.0.0.1
1062	sessionId	5A3A9E66229B18EB3DFC1DC968029C65
1062	remoteAddress	127.0.0.1
1063	message	Access is denied
1063	type	org.springframework.security.access.AccessDeniedException
1064	message	Access is denied
1064	type	org.springframework.security.access.AccessDeniedException
1065	sessionId	901419950B4B0DE16DB49757552FC7A8
1065	remoteAddress	127.0.0.1
1066	sessionId	901419950B4B0DE16DB49757552FC7A8
1066	remoteAddress	127.0.0.1
1067	message	Access is denied
1067	type	org.springframework.security.access.AccessDeniedException
1068	sessionId	DFC4E8E989BDEEFC5B767A538F319B90
1068	remoteAddress	127.0.0.1
1069	sessionId	DFC4E8E989BDEEFC5B767A538F319B90
1069	remoteAddress	127.0.0.1
1070	message	Access is denied
1070	type	org.springframework.security.access.AccessDeniedException
1071	sessionId	BFE4E2BB3E756F8F9CAAA068FD63816D
1071	remoteAddress	127.0.0.1
1072	sessionId	BFE4E2BB3E756F8F9CAAA068FD63816D
1072	remoteAddress	127.0.0.1
1073	message	Access is denied
1073	type	org.springframework.security.access.AccessDeniedException
1074	message	Access is denied
1074	type	org.springframework.security.access.AccessDeniedException
1075	sessionId	BF529F6EC2AAE50540F215842CFEDA9B
1075	remoteAddress	127.0.0.1
1076	sessionId	BF529F6EC2AAE50540F215842CFEDA9B
1076	remoteAddress	127.0.0.1
1077	message	Access is denied
1077	type	org.springframework.security.access.AccessDeniedException
1078	message	Access is denied
1078	type	org.springframework.security.access.AccessDeniedException
1079	sessionId	D31196570A25EEF39CF7EDE116A4C2A1
1079	remoteAddress	127.0.0.1
1080	sessionId	D31196570A25EEF39CF7EDE116A4C2A1
1080	remoteAddress	127.0.0.1
1081	message	Access is denied
1081	type	org.springframework.security.access.AccessDeniedException
1082	sessionId	7FF304D8919BB5885004D41EC19A8CE5
1082	remoteAddress	127.0.0.1
1083	sessionId	7FF304D8919BB5885004D41EC19A8CE5
1083	remoteAddress	127.0.0.1
1084	sessionId	F9DFFDE971B49F932C881D557E4D48D5
1084	remoteAddress	127.0.0.1
1085	message	Access is denied
1085	type	org.springframework.security.access.AccessDeniedException
1086	sessionId	5BDBE118E86B948A3B702CB406A4CF11
1086	remoteAddress	127.0.0.1
1087	sessionId	5BDBE118E86B948A3B702CB406A4CF11
1087	remoteAddress	127.0.0.1
1088	message	Access is denied
1088	type	org.springframework.security.access.AccessDeniedException
1089	sessionId	AA2CAC9C053528E7ADE8E79625B25F6E
1089	remoteAddress	127.0.0.1
1090	sessionId	AA2CAC9C053528E7ADE8E79625B25F6E
1090	remoteAddress	127.0.0.1
1092	message	Access is denied
1092	type	org.springframework.security.access.AccessDeniedException
1093	message	Access is denied
1093	type	org.springframework.security.access.AccessDeniedException
1094	sessionId	8B41C33C14619CF2F0CF522928A36A92
1094	remoteAddress	127.0.0.1
1095	sessionId	8B41C33C14619CF2F0CF522928A36A92
1095	remoteAddress	127.0.0.1
1096	message	Access is denied
1096	type	org.springframework.security.access.AccessDeniedException
1097	message	Access is denied
1097	type	org.springframework.security.access.AccessDeniedException
1098	sessionId	834129984D6BAE6570448BF3B47CDB43
1098	remoteAddress	127.0.0.1
1099	sessionId	834129984D6BAE6570448BF3B47CDB43
1099	remoteAddress	127.0.0.1
1100	message	Access is denied
1100	type	org.springframework.security.access.AccessDeniedException
1101	sessionId	783FDFEED847BA27BBCDA680B7EFEBB0
1101	remoteAddress	127.0.0.1
1102	sessionId	783FDFEED847BA27BBCDA680B7EFEBB0
1102	remoteAddress	127.0.0.1
1103	message	Access is denied
1103	type	org.springframework.security.access.AccessDeniedException
1104	sessionId	D24EF1D7BDC92D2EA3FF69BFD16AF37A
1104	remoteAddress	127.0.0.1
1105	message	Access is denied
1105	type	org.springframework.security.access.AccessDeniedException
1106	message	Access is denied
1106	type	org.springframework.security.access.AccessDeniedException
1107	sessionId	1EE12EDC0EF96B048268B60AAC98A6D4
1107	remoteAddress	127.0.0.1
1108	sessionId	1EE12EDC0EF96B048268B60AAC98A6D4
1108	remoteAddress	127.0.0.1
1109	message	Access is denied
1109	type	org.springframework.security.access.AccessDeniedException
1110	message	Access is denied
1110	type	org.springframework.security.access.AccessDeniedException
1111	message	Access is denied
1111	type	org.springframework.security.access.AccessDeniedException
1112	message	Access is denied
1112	type	org.springframework.security.access.AccessDeniedException
1113	message	Access is denied
1113	type	org.springframework.security.access.AccessDeniedException
1114	message	Access is denied
1114	type	org.springframework.security.access.AccessDeniedException
1115	message	Access is denied
1115	type	org.springframework.security.access.AccessDeniedException
1116	message	Access is denied
1116	type	org.springframework.security.access.AccessDeniedException
1118	message	Access is denied
1118	type	org.springframework.security.access.AccessDeniedException
1119	message	Access is denied
1119	type	org.springframework.security.access.AccessDeniedException
1120	message	Access is denied
1120	type	org.springframework.security.access.AccessDeniedException
1121	message	Access is denied
1121	type	org.springframework.security.access.AccessDeniedException
1123	message	Access is denied
1123	type	org.springframework.security.access.AccessDeniedException
1124	message	Access is denied
1124	type	org.springframework.security.access.AccessDeniedException
1125	message	Access is denied
1125	type	org.springframework.security.access.AccessDeniedException
1126	message	Access is denied
1126	type	org.springframework.security.access.AccessDeniedException
1128	sessionId	EE9DD74774A8737AED56381E980CB146
1128	remoteAddress	127.0.0.1
1129	sessionId	EE9DD74774A8737AED56381E980CB146
1129	remoteAddress	127.0.0.1
1130	message	Access is denied
1130	type	org.springframework.security.access.AccessDeniedException
1131	sessionId	58C568191AFD04138E3C791B0ADC7646
1131	remoteAddress	127.0.0.1
1132	sessionId	58C568191AFD04138E3C791B0ADC7646
1132	remoteAddress	127.0.0.1
1117	message	Access is denied
1117	type	org.springframework.security.access.AccessDeniedException
1122	message	Access is denied
1122	type	org.springframework.security.access.AccessDeniedException
1127	message	Access is denied
1127	type	org.springframework.security.access.AccessDeniedException
1133	message	Access is denied
1133	type	org.springframework.security.access.AccessDeniedException
1134	sessionId	43E566E29BF84641B8BFA50B682D0563
1134	remoteAddress	127.0.0.1
1135	sessionId	43E566E29BF84641B8BFA50B682D0563
1135	remoteAddress	127.0.0.1
1136	message	Access is denied
1136	type	org.springframework.security.access.AccessDeniedException
1137	sessionId	822F3E64A5785EBC527D9063164BC62F
1137	remoteAddress	127.0.0.1
1138	sessionId	822F3E64A5785EBC527D9063164BC62F
1138	remoteAddress	127.0.0.1
1139	message	Access is denied
1139	type	org.springframework.security.access.AccessDeniedException
1140	sessionId	5B39E5243E852B85D49E0D31CD0AB5ED
1140	remoteAddress	127.0.0.1
1141	sessionId	5B39E5243E852B85D49E0D31CD0AB5ED
1141	remoteAddress	127.0.0.1
1142	message	Access is denied
1142	type	org.springframework.security.access.AccessDeniedException
1143	sessionId	D5E7ED0754538325A28DEE0A4F3A7EFE
1143	remoteAddress	127.0.0.1
1144	sessionId	D5E7ED0754538325A28DEE0A4F3A7EFE
1144	remoteAddress	127.0.0.1
1147	message	Access is denied
1147	type	org.springframework.security.access.AccessDeniedException
1148	sessionId	E93D0B103FEF12E65209612EF23DE5DD
1148	remoteAddress	127.0.0.1
1149	sessionId	E93D0B103FEF12E65209612EF23DE5DD
1149	remoteAddress	127.0.0.1
1150	message	Access is denied
1150	type	org.springframework.security.access.AccessDeniedException
1151	sessionId	1E8A58D3050FA5899E41E7EE280FE1A2
1151	remoteAddress	127.0.0.1
1152	sessionId	1E8A58D3050FA5899E41E7EE280FE1A2
1152	remoteAddress	127.0.0.1
1153	message	Access is denied
1153	type	org.springframework.security.access.AccessDeniedException
1154	sessionId	FFA5521440D8DAD60A836B62EBBED51A
1154	remoteAddress	127.0.0.1
1155	sessionId	FFA5521440D8DAD60A836B62EBBED51A
1155	remoteAddress	127.0.0.1
1156	message	Access is denied
1156	type	org.springframework.security.access.AccessDeniedException
1157	sessionId	B7C8DA9BEEA8F3DCF005E4433D4EA883
1157	remoteAddress	127.0.0.1
1158	sessionId	B7C8DA9BEEA8F3DCF005E4433D4EA883
1158	remoteAddress	127.0.0.1
1159	sessionId	A60B0BDF5B388ADF50021E751664FDE0
1159	remoteAddress	127.0.0.1
1160	sessionId	72D5DC0172CC0A5183ACBDC51BB35001
1160	remoteAddress	127.0.0.1
1162	sessionId	F15A790F20A53AF990C0B0FCE84BC0D7
1162	remoteAddress	127.0.0.1
1163	sessionId	3822C322BB512913F71A6C8C4FA69C5D
1163	remoteAddress	127.0.0.1
1164	sessionId	4025160861D77A90620995235A08B144
1164	remoteAddress	127.0.0.1
1165	sessionId	8174E238EB258DDDD8E5CD7EAFB3E9CA
1165	remoteAddress	127.0.0.1
1166	sessionId	3585EE11600D31951F74357853A5A27B
1166	remoteAddress	127.0.0.1
1167	sessionId	DBCFAE947198151DDD7EBB4EE1FE1223
1167	remoteAddress	127.0.0.1
1168	sessionId	AE27CAAF37D1F95EA1F06BC648C4BA14
1168	remoteAddress	127.0.0.1
1173	sessionId	7F86D9F0EF34257300B2C4D2022D8394
1173	remoteAddress	127.0.0.1
1175	sessionId	063250CC2F6B8860D0B2D47A1A5CCDDF
1175	remoteAddress	127.0.0.1
1176	sessionId	0E52AC651ACEC6D229E9087FCC37CC6E
1176	remoteAddress	127.0.0.1
1177	sessionId	E26118D4527FFDB244D99885C8BD6211
1177	remoteAddress	127.0.0.1
1178	sessionId	11D2BB4F1B0C0C65A6ED502DDEDEA168
1178	remoteAddress	127.0.0.1
1179	sessionId	E7B663A637104BF2D56888F372CA3C69
1179	remoteAddress	127.0.0.1
1180	sessionId	A6D13AB7905D164D543AA3613864F53D
1180	remoteAddress	127.0.0.1
1181	sessionId	3976FB7B8F32798C60CD9ACAC5ACE63E
1181	remoteAddress	127.0.0.1
1182	sessionId	FAA1A6BE7D25AABB54AD6BE897C0229E
1182	remoteAddress	127.0.0.1
1183	sessionId	1C2FC6AB54305A49B8EF97E1E263FABC
1183	remoteAddress	127.0.0.1
1190	sessionId	CE2BA1F63BADD7D70F2FB5B6030F416D
1190	remoteAddress	127.0.0.1
1194	sessionId	683D21229898F0B0ED1001BB5D00CE78
1194	remoteAddress	127.0.0.1
1195	sessionId	8451CAB54E11E57BB359131FF198A304
1195	remoteAddress	127.0.0.1
1196	sessionId	8A3287CE7534EE4A602814153B026771
1196	remoteAddress	127.0.0.1
1197	message	Access is denied
1197	type	org.springframework.security.access.AccessDeniedException
1198	sessionId	F85D80A2B6B901F4E37EA7E8694702B1
1198	remoteAddress	127.0.0.1
1199	sessionId	F85D80A2B6B901F4E37EA7E8694702B1
1199	remoteAddress	127.0.0.1
1200	sessionId	2A1598B9B9B4A77D093AF8FD9031C223
1200	remoteAddress	127.0.0.1
1201	remoteAddress	127.0.0.1
1202	message	Access is denied
1202	type	org.springframework.security.access.AccessDeniedException
1203	message	Access is denied
1203	type	org.springframework.security.access.AccessDeniedException
1204	remoteAddress	127.0.0.1
1205	remoteAddress	127.0.0.1
1206	remoteAddress	127.0.0.1
1207	remoteAddress	127.0.0.1
1208	remoteAddress	127.0.0.1
1209	remoteAddress	127.0.0.1
1210	remoteAddress	127.0.0.1
1211	remoteAddress	127.0.0.1
1212	sessionId	973CEAD4309D0D3F2A2B23EA7AB47D5B
1212	remoteAddress	127.0.0.1
1214	sessionId	DEB560B90542F2D4BB08CB1E08B6FB53
1214	remoteAddress	127.0.0.1
1215	sessionId	E9811503205730E88A32216077A7359A
1215	remoteAddress	127.0.0.1
1216	sessionId	1EFF6CB38F5DC4F145C9A0D99531E4E3
1216	remoteAddress	127.0.0.1
1217	message	Access is denied
1217	type	org.springframework.security.access.AccessDeniedException
1218	message	Access is denied
1218	type	org.springframework.security.access.AccessDeniedException
1219	message	Access is denied
1219	type	org.springframework.security.access.AccessDeniedException
1220	message	Access is denied
1220	type	org.springframework.security.access.AccessDeniedException
1221	message	Access is denied
1221	type	org.springframework.security.access.AccessDeniedException
1222	message	Access is denied
1222	type	org.springframework.security.access.AccessDeniedException
1223	message	Access is denied
1223	type	org.springframework.security.access.AccessDeniedException
1224	sessionId	44EB28A72157A7F7AEF78C0C3F086EB5
1224	remoteAddress	127.0.0.1
1225	sessionId	44EB28A72157A7F7AEF78C0C3F086EB5
1225	remoteAddress	127.0.0.1
1226	message	Access is denied
1226	type	org.springframework.security.access.AccessDeniedException
1227	sessionId	CB669EBF830937DDAB35497AC3B2B6ED
1227	remoteAddress	127.0.0.1
1228	sessionId	CB669EBF830937DDAB35497AC3B2B6ED
1228	remoteAddress	127.0.0.1
1229	sessionId	4BC8E9EAA7FB72CB276186922534F90B
1229	remoteAddress	127.0.0.1
1230	sessionId	6FF3F55676B875AE2418C8D6EE89B8B4
1230	remoteAddress	127.0.0.1
1231	sessionId	D41AD2FAD9D9D97A7F4D94C14DE6C491
1231	remoteAddress	127.0.0.1
1232	sessionId	901F8D32C1EDC7F6D92F234EF5C52D62
1232	remoteAddress	127.0.0.1
1234	sessionId	F984834CC7E81B2C3625B6FD7A5D8739
1234	remoteAddress	127.0.0.1
1235	sessionId	2898F3B462E2160D1A1CBA1A48877668
1235	remoteAddress	127.0.0.1
1236	sessionId	695CECB16475D8C725C86AE96F9A43CB
1236	remoteAddress	127.0.0.1
1237	sessionId	B0876A801D89092EB472D8CA5A51E827
1237	remoteAddress	127.0.0.1
1238	sessionId	9B97D8B3D96DFBFD0EB79DA60A46DFDD
1238	remoteAddress	127.0.0.1
1239	sessionId	E103D651914339751363BDFE76A3F138
1239	remoteAddress	127.0.0.1
1240	sessionId	D206C33C1DFAF2DED026A78EC9E59C8F
1240	remoteAddress	127.0.0.1
1241	sessionId	EE4CD2786913C2AD999C56E86D2E8F75
1241	remoteAddress	127.0.0.1
1242	sessionId	B3D5F386CD1E7A1C6CF2D580983C92C1
1242	remoteAddress	127.0.0.1
1243	sessionId	E6DE21EC0ACA9DC8888449BA0D2567A4
1243	remoteAddress	127.0.0.1
1244	sessionId	9710D7C5D8A1213E98B8AF353C227E0D
1244	remoteAddress	127.0.0.1
1245	sessionId	B760AB3E77378CD4EB81959B2675474B
1245	remoteAddress	127.0.0.1
1246	sessionId	AF861145C70976C76408D13E94F00FEE
1246	remoteAddress	127.0.0.1
1247	sessionId	B760AB3E77378CD4EB81959B2675474B
1247	remoteAddress	127.0.0.1
1248	sessionId	B760AB3E77378CD4EB81959B2675474B
1248	remoteAddress	127.0.0.1
1249	sessionId	B6A100A5DB30B54267264B6BC681B533
1249	remoteAddress	127.0.0.1
1250	sessionId	6E87EB2A958586E2D169C61F05BF2C9E
1250	remoteAddress	127.0.0.1
1251	sessionId	51AA5FD13FFCD9B119CAC99AC57CAEF2
1251	remoteAddress	127.0.0.1
1252	sessionId	EF9D7FCCF3CAEE834067B973F06E2B04
1252	remoteAddress	127.0.0.1
1253	sessionId	C76603F1ECF3F653A5ACD332BE6085B9
1253	remoteAddress	127.0.0.1
1254	sessionId	C841E52E36C5F12406FE7FFF7B0B298A
1254	remoteAddress	127.0.0.1
1255	sessionId	CD082F363647665126149B9C2E48BE5C
1255	remoteAddress	127.0.0.1
1258	sessionId	874556A56645CAC3CC33AF5FEED9908C
1258	remoteAddress	127.0.0.1
1261	sessionId	C05799D7B6151ECA9E975D38D95D5BEC
1261	remoteAddress	127.0.0.1
1270	sessionId	07603E454A57CC7C5935F5FDE9228FDA
1270	remoteAddress	127.0.0.1
1271	sessionId	72D65516897B0FA37044191E22E7DA3F
1271	remoteAddress	127.0.0.1
1272	sessionId	030540467030810DD8EB71820A4BD6BE
1272	remoteAddress	127.0.0.1
1273	sessionId	9F1CC0B645FFF62630C19D634BB20B22
1273	remoteAddress	127.0.0.1
1274	sessionId	AC510FD155501671E480B7229D6A175A
1274	remoteAddress	127.0.0.1
1276	sessionId	7348028B1DAAE96E9C30C9D88C9FAA3C
1276	remoteAddress	127.0.0.1
1277	sessionId	B7F2F8B3620FBEB33B8135BCBBD64CDE
1277	remoteAddress	127.0.0.1
1279	sessionId	878F4BC8FAF8549E186DD34C94EEB7C8
1279	remoteAddress	127.0.0.1
1281	sessionId	418694EE81A25A983483E6EF87E6806E
1281	remoteAddress	127.0.0.1
1283	sessionId	DA6BC9E49BC61B9274C0880FAA058517
1283	remoteAddress	127.0.0.1
1284	sessionId	7D227085B3438AEAA4492AF7178FB789
1284	remoteAddress	127.0.0.1
1289	sessionId	73BDE353051AB2CE96F0FCE7ABB41C70
1289	remoteAddress	127.0.0.1
1290	sessionId	982FF16D1718B4009C79D4FD03EB4841
1290	remoteAddress	127.0.0.1
1291	sessionId	A900A522F8A022A8F7D2C5DA51387DBE
1291	remoteAddress	127.0.0.1
1292	sessionId	CB99CED83AD0D13FBEEB65094956C4A0
1292	remoteAddress	127.0.0.1
1293	sessionId	9041C248E6B0DA1AA23015F2DAC95F11
1293	remoteAddress	127.0.0.1
1294	sessionId	27D01C521AEC9F0E45B6966D87D9B590
1294	remoteAddress	127.0.0.1
1295	sessionId	9AFD86EB8BF98764D8306E3AEC5277CF
1295	remoteAddress	127.0.0.1
1296	sessionId	4262F964000DEF89D4AF16D78BB4EAE8
1296	remoteAddress	127.0.0.1
1297	sessionId	DE70287249801CBF94B16CC4AF962923
1297	remoteAddress	127.0.0.1
1298	sessionId	54A686CD0CC89C15CD4E428EF6379F4E
1298	remoteAddress	127.0.0.1
1301	message	Access is denied
1301	type	org.springframework.security.access.AccessDeniedException
1302	message	Access is denied
1302	type	org.springframework.security.access.AccessDeniedException
1303	message	Access is denied
1303	type	org.springframework.security.access.AccessDeniedException
1304	sessionId	1E6B265CB514B01A373ED4201A0D8BB6
1304	remoteAddress	127.0.0.1
1305	sessionId	1E6B265CB514B01A373ED4201A0D8BB6
1305	remoteAddress	127.0.0.1
1310	message	Access is denied
1310	type	org.springframework.security.access.AccessDeniedException
1311	sessionId	889F3D6090F04A3070F6FFCCA82EC996
1311	remoteAddress	127.0.0.1
1312	sessionId	889F3D6090F04A3070F6FFCCA82EC996
1312	remoteAddress	127.0.0.1
1318	sessionId	B3C0D37878A6890A5282E9AAD8AB449F
1318	remoteAddress	127.0.0.1
1319	sessionId	F289419DCE1DC55B1BFB05DBD8019AB4
1319	remoteAddress	127.0.0.1
1320	sessionId	477F336FA7C7E475249911736B4960A4
1320	remoteAddress	127.0.0.1
1325	sessionId	E9051B29B493C78D30283B3D14A5F17E
1325	remoteAddress	127.0.0.1
1326	sessionId	D48136B1C60EDA9B28E48A3A8B990277
1326	remoteAddress	127.0.0.1
1328	sessionId	12E5D4BB3B4D5CEA68E3C5183A908721
1328	remoteAddress	127.0.0.1
1330	sessionId	2B6375DD141EB233876FA617B847F1CB
1330	remoteAddress	127.0.0.1
1332	sessionId	E4BF723793B15A849F858453FCC273DC
1332	remoteAddress	127.0.0.1
1333	sessionId	18FED3838BAC3E400ABF8903F980D95A
1333	remoteAddress	127.0.0.1
1335	sessionId	269273C337165E531B22DCD79CB0E942
1335	remoteAddress	127.0.0.1
1337	sessionId	5AA09AC80E62C8B3F8EC7500B56E0C91
1337	remoteAddress	127.0.0.1
1339	sessionId	7B96AED89B56C69EC88F33D57FCF40B5
1339	remoteAddress	127.0.0.1
1343	sessionId	72A2EE02B4DB6968C528511F5E861526
1343	remoteAddress	127.0.0.1
1347	sessionId	2EE9F42B192F162F6154824607C245DF
1347	remoteAddress	127.0.0.1
1349	sessionId	4C7858DCFE0A60DD4D425D47F606BCE6
1349	remoteAddress	127.0.0.1
1354	message	Access is denied
1354	type	org.springframework.security.access.AccessDeniedException
1355	sessionId	72F24715320CE119479613290B644E0B
1355	remoteAddress	127.0.0.1
1356	sessionId	72F24715320CE119479613290B644E0B
1356	remoteAddress	127.0.0.1
1358	sessionId	9EAABA5EDA2A02DC17242D78AAD7A078
1358	remoteAddress	127.0.0.1
1368	message	Access is denied
1368	type	org.springframework.security.access.AccessDeniedException
1369	sessionId	61F02FFFB0BF79080046317F3F0CF866
1369	remoteAddress	127.0.0.1
1370	sessionId	61F02FFFB0BF79080046317F3F0CF866
1370	remoteAddress	127.0.0.1
1372	sessionId	55EF5A7CB59CDA67B234BC2273036D74
1372	remoteAddress	127.0.0.1
1374	sessionId	585668D156575B5AB765DD43A5DB6668
1374	remoteAddress	127.0.0.1
1376	sessionId	7E902D89A303310B75EC887458DB3BB0
1376	remoteAddress	127.0.0.1
1378	sessionId	61175F01ADA92B776A10A39FCA5C1753
1378	remoteAddress	127.0.0.1
1380	sessionId	FE24B6F71F99FFFC86BDF442BA32CF59
1380	remoteAddress	127.0.0.1
1387	sessionId	DF759B426334782BA5E2C70680FD2E67
1387	remoteAddress	127.0.0.1
1388	message	Access is denied
1388	type	org.springframework.security.access.AccessDeniedException
1389	message	Access is denied
1389	type	org.springframework.security.access.AccessDeniedException
1390	message	Access is denied
1390	type	org.springframework.security.access.AccessDeniedException
1391	message	Access is denied
1391	type	org.springframework.security.access.AccessDeniedException
1392	message	Access is denied
1392	type	org.springframework.security.access.AccessDeniedException
1393	sessionId	42F34BF2A0F106E06D76083BA84D3650
1393	remoteAddress	127.0.0.1
1394	message	Access is denied
1394	type	org.springframework.security.access.AccessDeniedException
1395	message	Access is denied
1395	type	org.springframework.security.access.AccessDeniedException
1396	message	Access is denied
1396	type	org.springframework.security.access.AccessDeniedException
1397	sessionId	AA81E4B4ACA91F759F546D875D5B74E7
1397	remoteAddress	127.0.0.1
1398	sessionId	AA81E4B4ACA91F759F546D875D5B74E7
1398	remoteAddress	127.0.0.1
1400	message	Access is denied
1400	type	org.springframework.security.access.AccessDeniedException
1401	message	Access is denied
1401	type	org.springframework.security.access.AccessDeniedException
1402	message	Access is denied
1402	type	org.springframework.security.access.AccessDeniedException
1403	message	Access is denied
1403	type	org.springframework.security.access.AccessDeniedException
1404	message	Access is denied
1404	type	org.springframework.security.access.AccessDeniedException
1405	message	Access is denied
1405	type	org.springframework.security.access.AccessDeniedException
1406	sessionId	1C3C6B910416A077AC0B8CE32F5AAB84
1406	remoteAddress	127.0.0.1
1407	sessionId	1C3C6B910416A077AC0B8CE32F5AAB84
1407	remoteAddress	127.0.0.1
1409	message	Access is denied
1409	type	org.springframework.security.access.AccessDeniedException
1410	message	Access is denied
1410	type	org.springframework.security.access.AccessDeniedException
1411	message	Access is denied
1411	type	org.springframework.security.access.AccessDeniedException
1412	message	Access is denied
1412	type	org.springframework.security.access.AccessDeniedException
1413	message	Access is denied
1413	type	org.springframework.security.access.AccessDeniedException
1414	sessionId	EA3C04F35540C62C7987A932047396C4
1414	remoteAddress	127.0.0.1
1415	sessionId	EA3C04F35540C62C7987A932047396C4
1415	remoteAddress	127.0.0.1
1416	message	Access is denied
1416	type	org.springframework.security.access.AccessDeniedException
1417	sessionId	1CBF3072090F541D8224D2328D0FBA01
1417	remoteAddress	127.0.0.1
1418	message	Access is denied
1418	type	org.springframework.security.access.AccessDeniedException
1419	message	Access is denied
1419	type	org.springframework.security.access.AccessDeniedException
1420	message	Access is denied
1420	type	org.springframework.security.access.AccessDeniedException
1421	message	Access is denied
1421	type	org.springframework.security.access.AccessDeniedException
1422	message	Access is denied
1422	type	org.springframework.security.access.AccessDeniedException
1423	sessionId	E02BB48796E16EADA95F658A101331E8
1423	remoteAddress	127.0.0.1
1425	message	Access is denied
1425	type	org.springframework.security.access.AccessDeniedException
1424	message	Access is denied
1424	type	org.springframework.security.access.AccessDeniedException
1426	message	Access is denied
1426	type	org.springframework.security.access.AccessDeniedException
1427	message	Access is denied
1427	type	org.springframework.security.access.AccessDeniedException
1428	message	Access is denied
1429	message	Access is denied
1428	type	org.springframework.security.access.AccessDeniedException
1429	type	org.springframework.security.access.AccessDeniedException
1430	sessionId	7DCEF86AE4E1A5129A0B4BCA3B8F15D7
1430	remoteAddress	127.0.0.1
1431	message	Access is denied
1431	type	org.springframework.security.access.AccessDeniedException
1432	message	Access is denied
1432	type	org.springframework.security.access.AccessDeniedException
1433	message	Access is denied
1433	type	org.springframework.security.access.AccessDeniedException
1434	sessionId	DEEACE44CCF7789BA01D7C41AB1B0132
1434	remoteAddress	127.0.0.1
1435	sessionId	DEEACE44CCF7789BA01D7C41AB1B0132
1435	remoteAddress	127.0.0.1
1436	sessionId	F326EDD2368492980AE5763967FE2B78
1436	remoteAddress	127.0.0.1
1438	message	Access is denied
1438	type	org.springframework.security.access.AccessDeniedException
1439	sessionId	03A7DD644ED141F8E14389ECE67C4D05
1439	remoteAddress	127.0.0.1
1440	sessionId	03A7DD644ED141F8E14389ECE67C4D05
1440	remoteAddress	127.0.0.1
1441	message	Access is denied
1441	type	org.springframework.security.access.AccessDeniedException
1443	message	Access is denied
1443	type	org.springframework.security.access.AccessDeniedException
1444	sessionId	3556C8C8A4BB908AD52269CD2A06AC3F
1444	remoteAddress	127.0.0.1
1445	sessionId	3556C8C8A4BB908AD52269CD2A06AC3F
1445	remoteAddress	127.0.0.1
1446	message	Access is denied
1446	type	org.springframework.security.access.AccessDeniedException
1447	sessionId	0D4F7F7E74245F2030E44DBDBBF58E64
1447	remoteAddress	127.0.0.1
1448	sessionId	0D4F7F7E74245F2030E44DBDBBF58E64
1448	remoteAddress	127.0.0.1
1449	message	Access is denied
1449	type	org.springframework.security.access.AccessDeniedException
1450	sessionId	52E14D5DC3473E69A354A92E19AC3E5C
1450	remoteAddress	127.0.0.1
1451	message	Access is denied
1451	type	org.springframework.security.access.AccessDeniedException
1452	message	Access is denied
1452	type	org.springframework.security.access.AccessDeniedException
1453	sessionId	05D0AF91979610BCC18C45DDA8165637
1453	remoteAddress	127.0.0.1
1454	sessionId	05D0AF91979610BCC18C45DDA8165637
1454	remoteAddress	127.0.0.1
1456	message	Access is denied
1456	type	org.springframework.security.access.AccessDeniedException
1457	message	Access is denied
1457	type	org.springframework.security.access.AccessDeniedException
1458	sessionId	C33A95642A4F195EFCDB48DED276222D
1458	remoteAddress	127.0.0.1
1459	sessionId	9FE78E7265EC3A89E531129085587E42
1459	remoteAddress	127.0.0.1
1460	sessionId	9FE78E7265EC3A89E531129085587E42
1460	remoteAddress	127.0.0.1
1461	message	Access is denied
1461	type	org.springframework.security.access.AccessDeniedException
1462	message	Access is denied
1462	type	org.springframework.security.access.AccessDeniedException
1464	sessionId	31C9286CCE24C0C432C9D9989CC9467D
1464	remoteAddress	127.0.0.1
1466	message	Access is denied
1466	type	org.springframework.security.access.AccessDeniedException
1467	sessionId	441D708E8DC1E853C528A741BF7E7D97
1467	remoteAddress	127.0.0.1
1468	sessionId	441D708E8DC1E853C528A741BF7E7D97
1468	remoteAddress	127.0.0.1
1470	sessionId	318FB3B4B697B03C11B3E7A7FA9099C4
1470	remoteAddress	127.0.0.1
1471	message	Access is denied
1471	type	org.springframework.security.access.AccessDeniedException
1472	sessionId	F6A627398DDEA2CE316FF43A8D1D9E1B
1472	remoteAddress	127.0.0.1
1473	sessionId	F6A627398DDEA2CE316FF43A8D1D9E1B
1473	remoteAddress	127.0.0.1
1476	sessionId	9839D6D0EB45C7C82018FE520A1BB0D2
1476	remoteAddress	127.0.0.1
1477	message	Access is denied
1477	type	org.springframework.security.access.AccessDeniedException
1478	sessionId	1B3421728C75A0EE2C3538316175A558
1478	remoteAddress	127.0.0.1
1479	sessionId	1B3421728C75A0EE2C3538316175A558
1479	remoteAddress	127.0.0.1
1480	message	Access is denied
1480	type	org.springframework.security.access.AccessDeniedException
1481	message	Access is denied
1481	type	org.springframework.security.access.AccessDeniedException
1482	message	Access is denied
1482	type	org.springframework.security.access.AccessDeniedException
1483	sessionId	8A7036FFCDCB3D4E2864D64B7858ABA2
1483	remoteAddress	127.0.0.1
1484	sessionId	8A7036FFCDCB3D4E2864D64B7858ABA2
1484	remoteAddress	127.0.0.1
1485	message	Access is denied
1485	type	org.springframework.security.access.AccessDeniedException
1486	message	Access is denied
1486	type	org.springframework.security.access.AccessDeniedException
1487	sessionId	C1475D537E2FB0AD0E59E89A9764A444
1487	remoteAddress	127.0.0.1
1488	sessionId	C1475D537E2FB0AD0E59E89A9764A444
1488	remoteAddress	127.0.0.1
1489	sessionId	44146EE3634456A08EB27D693337F48E
1489	remoteAddress	127.0.0.1
1490	sessionId	DED2FC39AF49D6478490C53E264B3149
1490	remoteAddress	127.0.0.1
1491	message	Access is denied
1491	type	org.springframework.security.access.AccessDeniedException
1492	message	Access is denied
1492	type	org.springframework.security.access.AccessDeniedException
1493	sessionId	635D70F78A8757C04737AB7CD2942FD9
1493	remoteAddress	127.0.0.1
1494	sessionId	635D70F78A8757C04737AB7CD2942FD9
1494	remoteAddress	127.0.0.1
1495	sessionId	B8754F07F62800E38496C947003F02FB
1495	remoteAddress	127.0.0.1
1496	sessionId	797CCAFE9DBE3F3A167AECE544CD5ED5
1496	remoteAddress	127.0.0.1
1497	sessionId	6513424F166B47FEA22399DA830A1394
1497	remoteAddress	127.0.0.1
1498	sessionId	F6BE56CE12D84030CD34CD78DB8DF833
1498	remoteAddress	127.0.0.1
1499	message	Access is denied
1499	type	org.springframework.security.access.AccessDeniedException
1500	sessionId	3AE11CCF6FD2D8A4D8AC3A57E386F500
1500	remoteAddress	127.0.0.1
1501	sessionId	3AE11CCF6FD2D8A4D8AC3A57E386F500
1501	remoteAddress	127.0.0.1
1502	sessionId	239DD4D3DACFB5BBBADC1DD75AD9D8CB
1502	remoteAddress	127.0.0.1
1503	sessionId	A5EE9434A9920B15AD142141D1F40C6B
1503	remoteAddress	127.0.0.1
1505	message	Access is denied
1505	type	org.springframework.security.access.AccessDeniedException
1506	sessionId	D5F727D7F6953DF13E0C789EADAAE083
1506	remoteAddress	127.0.0.1
1507	sessionId	D5F727D7F6953DF13E0C789EADAAE083
1507	remoteAddress	127.0.0.1
1508	sessionId	CC48442DA179EB0C371A0993102531CE
1508	remoteAddress	127.0.0.1
1509	message	Access is denied
1509	type	org.springframework.security.access.AccessDeniedException
1510	sessionId	F68031EFFF05F02B4BD528C734C5B02E
1510	remoteAddress	127.0.0.1
1511	message	Access is denied
1511	type	org.springframework.security.access.AccessDeniedException
1512	sessionId	DFC4828CA94E1761FCD7CEAB851762C6
1512	remoteAddress	127.0.0.1
1513	sessionId	DFC4828CA94E1761FCD7CEAB851762C6
1513	remoteAddress	127.0.0.1
1514	sessionId	CEE1E961D8C08BC723966BC538C53B9A
1514	remoteAddress	127.0.0.1
1515	message	Access is denied
1515	type	org.springframework.security.access.AccessDeniedException
1516	sessionId	D065C9720014951DD1FBA6C49B33DC39
1516	remoteAddress	127.0.0.1
1517	sessionId	0DA386A3E58779DAFF410F0F41B5E73B
1517	remoteAddress	127.0.0.1
1522	sessionId	04C6A0BD5D7639267B1954961F8FD0A4
1522	remoteAddress	127.0.0.1
1523	sessionId	85158E1B9D4C85F41A5D2A88F5B60BC8
1523	remoteAddress	127.0.0.1
1524	sessionId	BBA1B66943DCC879ECA4299F59602DC0
1524	remoteAddress	127.0.0.1
1525	message	Access is denied
1525	type	org.springframework.security.access.AccessDeniedException
1526	message	Access is denied
1526	type	org.springframework.security.access.AccessDeniedException
1527	sessionId	34A96615942D3FAC6F83D841A26B94C1
1527	remoteAddress	127.0.0.1
1530	message	Access is denied
1530	type	org.springframework.security.access.AccessDeniedException
1531	sessionId	17CD6ABC03982AC892ED827F8956326A
1531	remoteAddress	127.0.0.1
1532	sessionId	17CD6ABC03982AC892ED827F8956326A
1532	remoteAddress	127.0.0.1
1533	message	Access is denied
1533	type	org.springframework.security.access.AccessDeniedException
1534	message	Access is denied
1534	type	org.springframework.security.access.AccessDeniedException
1535	sessionId	805E58E83643D169A02E9A42DE483671
1535	remoteAddress	127.0.0.1
1536	message	Access is denied
1536	type	org.springframework.security.access.AccessDeniedException
1537	message	Access is denied
1537	type	org.springframework.security.access.AccessDeniedException
1538	message	Access is denied
1538	type	org.springframework.security.access.AccessDeniedException
1539	message	Access is denied
1539	type	org.springframework.security.access.AccessDeniedException
1540	message	Access is denied
1540	type	org.springframework.security.access.AccessDeniedException
1541	message	Access is denied
1541	type	org.springframework.security.access.AccessDeniedException
1542	sessionId	D97A0A3F5ED34051993A69E570CF6E44
1542	remoteAddress	127.0.0.1
1543	sessionId	D97A0A3F5ED34051993A69E570CF6E44
1543	remoteAddress	127.0.0.1
1544	message	Access is denied
1544	type	org.springframework.security.access.AccessDeniedException
1545	message	Access is denied
1545	type	org.springframework.security.access.AccessDeniedException
1546	sessionId	40B1AC2A21FA233377D1FEA06C4DC708
1546	remoteAddress	127.0.0.1
1547	sessionId	40B1AC2A21FA233377D1FEA06C4DC708
1547	remoteAddress	127.0.0.1
1548	message	Access is denied
1548	type	org.springframework.security.access.AccessDeniedException
1549	sessionId	868BD1FA84BC67A388D44D605ED5E78C
1549	remoteAddress	127.0.0.1
1550	sessionId	868BD1FA84BC67A388D44D605ED5E78C
1550	remoteAddress	127.0.0.1
1551	message	Access is denied
1551	type	org.springframework.security.access.AccessDeniedException
1552	sessionId	3076735A196D1F69A7D3C3ED50571CE8
1552	remoteAddress	127.0.0.1
1553	sessionId	3076735A196D1F69A7D3C3ED50571CE8
1553	remoteAddress	127.0.0.1
1554	message	Access is denied
1554	type	org.springframework.security.access.AccessDeniedException
1555	message	Access is denied
1555	type	org.springframework.security.access.AccessDeniedException
1556	message	Access is denied
1556	type	org.springframework.security.access.AccessDeniedException
1557	message	Access is denied
1557	type	org.springframework.security.access.AccessDeniedException
1559	message	Access is denied
1559	type	org.springframework.security.access.AccessDeniedException
1560	message	Access is denied
1560	type	org.springframework.security.access.AccessDeniedException
1561	message	Access is denied
1561	type	org.springframework.security.access.AccessDeniedException
1563	message	Access is denied
1563	type	org.springframework.security.access.AccessDeniedException
1564	message	Access is denied
1564	type	org.springframework.security.access.AccessDeniedException
1565	sessionId	5730C3CB1ACBF5247FFCB417E10E5F7B
1565	remoteAddress	127.0.0.1
1566	sessionId	5730C3CB1ACBF5247FFCB417E10E5F7B
1566	remoteAddress	127.0.0.1
1567	message	Access is denied
1567	type	org.springframework.security.access.AccessDeniedException
1568	sessionId	40597C83C2D42E42495FBA7B2618CB12
1568	remoteAddress	127.0.0.1
1569	sessionId	40597C83C2D42E42495FBA7B2618CB12
1569	remoteAddress	127.0.0.1
1570	message	Access is denied
1570	type	org.springframework.security.access.AccessDeniedException
1571	message	Access is denied
1571	type	org.springframework.security.access.AccessDeniedException
1573	message	Access is denied
1573	type	org.springframework.security.access.AccessDeniedException
1574	message	Access is denied
1574	type	org.springframework.security.access.AccessDeniedException
1575	sessionId	2BA044B13E8FA2CB007529F38F950188
1575	remoteAddress	127.0.0.1
1576	sessionId	2BA044B13E8FA2CB007529F38F950188
1576	remoteAddress	127.0.0.1
1578	sessionId	BAB832E3881CAA3B0B019600B07A5A02
1578	remoteAddress	127.0.0.1
1579	sessionId	17A322DE73501CF4509F316182654C7C
1579	remoteAddress	127.0.0.1
1580	sessionId	1EFFF87512D990AB74C21D2BECA32306
1580	remoteAddress	127.0.0.1
1581	sessionId	C5782F24CA5C59D4E88A46CA6E2AB6B5
1581	remoteAddress	127.0.0.1
1582	sessionId	972B2A900A9F7538CEACD5F1A3E034B4
1582	remoteAddress	127.0.0.1
1583	sessionId	CC0A4F034E2FEDCD94E34ED589274388
1583	remoteAddress	127.0.0.1
1600	sessionId	B345414F600F7A629959F8BBF1446CA6
1600	remoteAddress	127.0.0.1
1604	sessionId	2E8A776B2CF22BBAF8AB4EBBBCB7BF9E
1604	remoteAddress	127.0.0.1
1607	sessionId	210AE601EA1EF66FA3B63E4B4A56B810
1607	remoteAddress	127.0.0.1
1610	sessionId	1D850A4B0839C0EB3BB99C5A16893E26
1610	remoteAddress	127.0.0.1
1611	sessionId	DA9DE7104B05681F2D2721562ED22B13
1611	remoteAddress	127.0.0.1
1612	sessionId	4B2BC1B675D09D2EDCEF5BC56E48A6C2
1612	remoteAddress	127.0.0.1
1613	message	Access is denied
1613	type	org.springframework.security.access.AccessDeniedException
1614	message	Access is denied
1614	type	org.springframework.security.access.AccessDeniedException
1615	sessionId	E1C45814F10D3B04EB02E2BBA690197D
1615	remoteAddress	127.0.0.1
1616	sessionId	E1C45814F10D3B04EB02E2BBA690197D
1616	remoteAddress	127.0.0.1
\.


--
-- Name: t_persistent_audit_event_event_id_seq; Type: SEQUENCE SET; Schema: public; Owner: postgres
--

SELECT pg_catalog.setval('t_persistent_audit_event_event_id_seq', 1, false);


--
-- Data for Name: t_persistent_token; Type: TABLE DATA; Schema: public; Owner: postgres
--

COPY t_persistent_token (series, user_id, token_value, token_date, ip_address, user_agent) FROM stdin;
UsX3BwpGlbMkuOa+941bkA==	3	Prjm7yGF1WMMKcTIEMoOrw==	2015-02-13	127.0.0.1	Mozilla/5.0 (X11; Linux i686) AppleWebKit/537.36 (KHTML, like Gecko) Chrome/40.0.2214.111 Safari/537.36
DEXw4/Ctws96wUU3ERjmsQ==	3	WuAIt4CYt9nZAiJBC8tvhw==	2015-02-12	127.0.0.1	Mozilla/5.0 (X11; Linux i686) AppleWebKit/537.36 (KHTML, like Gecko) Chrome/40.0.2214.111 Safari/537.36
sxyez+vlg2mYcAHndPpidg==	3	p/byv1O1obll6S9TfHgcLg==	2015-02-13	127.0.0.1	Mozilla/5.0 (X11; Linux i686) AppleWebKit/537.36 (KHTML, like Gecko) Chrome/40.0.2214.111 Safari/537.36
KVV0LuK9GL0j3gTh1EBZZw==	3	4MIW4PKmdcM+fBHJWtOK6Q==	2015-02-13	127.0.0.1	Mozilla/5.0 (X11; Linux i686) AppleWebKit/537.36 (KHTML, like Gecko) Chrome/40.0.2214.111 Safari/537.36
yPBsEW9V85ppzcRjXR1QQw==	3	aHtxaHL/T5zJ1ZJZfoZcjw==	2015-02-13	127.0.0.1	Mozilla/5.0 (X11; Linux i686) AppleWebKit/537.36 (KHTML, like Gecko) Chrome/40.0.2214.111 Safari/537.36
5LaHwqCUl9pHTJGdDbumRw==	3	Vwm2qEdJfAODfD+53lvrPw==	2015-02-13	127.0.0.1	Mozilla/5.0 (X11; Ubuntu; Linux i686; rv:35.0) Gecko/20100101 Firefox/35.0
aQfXqD9dQx4HTbF2MacKyA==	3	2ARHefgaf1bZt9mjuAG4eQ==	2015-02-13	127.0.0.1	Mozilla/5.0 (X11; Linux i686) AppleWebKit/537.36 (KHTML, like Gecko) Chrome/40.0.2214.111 Safari/537.36
mya7TzZpoKkA9vmy7GdKGw==	3	4A17qoUH3oM7RzyICe3ArA==	2015-02-13	127.0.0.1	Mozilla/5.0 (X11; Ubuntu; Linux i686; rv:35.0) Gecko/20100101 Firefox/35.0
wByJ8PX1z4iTDQmAvZBiSQ==	4	xUlOrjAh+O/9enec0uRvbQ==	2015-02-13	127.0.0.1	Mozilla/5.0 (X11; Ubuntu; Linux i686; rv:35.0) Gecko/20100101 Firefox/35.0
\.


--
-- Data for Name: t_user; Type: TABLE DATA; Schema: public; Owner: postgres
--

COPY t_user (id, login, password, first_name, last_name, email, activated, lang_key, activation_key, created_by, created_date, last_modified_by, last_modified_date) FROM stdin;
1	system	$2a$10$mE.qmcV0mFU5NcKh73TZx.z4ueI/.bDWbj0T1BYyqP481kGGarKLG	\N	System	\N	t	en	\N	system	2015-02-10 16:56:47.882469	\N	\N
2	anonymousUser	$2a$10$j8S5d7Sr7.8VTOYNviDPOeWX8KcYILUVJBsYV83Y5NtECayypx9lO	Anonymous	User	\N	t	en	\N	system	2015-02-10 16:56:47.882469	\N	\N
3	admin	$2a$10$gSAhZrxMllrbgj/kkK9UceBPpChGWJA7SYIb1Mqo.n5aNLq1/oRrC	\N	Administrator	\N	t	en	\N	system	2015-02-10 16:56:47.882469	\N	\N
4	user	$2a$10$VEjxo0jq2YG9Rbk2HmX9S.k1uZBGYUHdUcid3g/vfiEl7lwWgOH/K	\N	User	\N	t	en	\N	system	2015-02-10 16:56:47.882469	\N	\N
\.


--
-- Data for Name: t_user_authority; Type: TABLE DATA; Schema: public; Owner: postgres
--

COPY t_user_authority (user_id, authority_name) FROM stdin;
1	ROLE_ADMIN
1	ROLE_USER
3	ROLE_ADMIN
3	ROLE_USER
4	ROLE_USER
\.


--
-- Name: t_user_id_seq; Type: SEQUENCE SET; Schema: public; Owner: postgres
--

SELECT pg_catalog.setval('t_user_id_seq', 1, false);


--
-- Name: pk_databasechangeloglock; Type: CONSTRAINT; Schema: public; Owner: postgres; Tablespace: 
--

ALTER TABLE ONLY databasechangeloglock
    ADD CONSTRAINT pk_databasechangeloglock PRIMARY KEY (id);


--
-- Name: pk_t_absensi; Type: CONSTRAINT; Schema: public; Owner: postgres; Tablespace: 
--

ALTER TABLE ONLY t_absensi
    ADD CONSTRAINT pk_t_absensi PRIMARY KEY (id);


--
-- Name: pk_t_authority; Type: CONSTRAINT; Schema: public; Owner: postgres; Tablespace: 
--

ALTER TABLE ONLY t_authority
    ADD CONSTRAINT pk_t_authority PRIMARY KEY (name);


--
-- Name: pk_t_ijin; Type: CONSTRAINT; Schema: public; Owner: postgres; Tablespace: 
--

ALTER TABLE ONLY t_ijin
    ADD CONSTRAINT pk_t_ijin PRIMARY KEY (id);


--
-- Name: pk_t_karyawan; Type: CONSTRAINT; Schema: public; Owner: postgres; Tablespace: 
--

ALTER TABLE ONLY t_karyawan
    ADD CONSTRAINT pk_t_karyawan PRIMARY KEY (id);


--
-- Name: pk_t_persistent_audit_event; Type: CONSTRAINT; Schema: public; Owner: postgres; Tablespace: 
--

ALTER TABLE ONLY t_persistent_audit_event
    ADD CONSTRAINT pk_t_persistent_audit_event PRIMARY KEY (event_id);


--
-- Name: pk_t_persistent_token; Type: CONSTRAINT; Schema: public; Owner: postgres; Tablespace: 
--

ALTER TABLE ONLY t_persistent_token
    ADD CONSTRAINT pk_t_persistent_token PRIMARY KEY (series);


--
-- Name: pk_t_user; Type: CONSTRAINT; Schema: public; Owner: postgres; Tablespace: 
--

ALTER TABLE ONLY t_user
    ADD CONSTRAINT pk_t_user PRIMARY KEY (id);


--
-- Name: t_persistent_audit_event_data_pkey; Type: CONSTRAINT; Schema: public; Owner: postgres; Tablespace: 
--

ALTER TABLE ONLY t_persistent_audit_event_data
    ADD CONSTRAINT t_persistent_audit_event_data_pkey PRIMARY KEY (event_id, name);


--
-- Name: t_user_authority_pkey; Type: CONSTRAINT; Schema: public; Owner: postgres; Tablespace: 
--

ALTER TABLE ONLY t_user_authority
    ADD CONSTRAINT t_user_authority_pkey PRIMARY KEY (user_id, authority_name);


--
-- Name: t_user_email_key; Type: CONSTRAINT; Schema: public; Owner: postgres; Tablespace: 
--

ALTER TABLE ONLY t_user
    ADD CONSTRAINT t_user_email_key UNIQUE (email);


--
-- Name: t_user_login_key; Type: CONSTRAINT; Schema: public; Owner: postgres; Tablespace: 
--

ALTER TABLE ONLY t_user
    ADD CONSTRAINT t_user_login_key UNIQUE (login);


--
-- Name: idx_persistent_audit_event; Type: INDEX; Schema: public; Owner: postgres; Tablespace: 
--

CREATE INDEX idx_persistent_audit_event ON t_persistent_audit_event USING btree (principal, event_date);


--
-- Name: idx_persistent_audit_event_data; Type: INDEX; Schema: public; Owner: postgres; Tablespace: 
--

CREATE INDEX idx_persistent_audit_event_data ON t_persistent_audit_event_data USING btree (event_id);


--
-- Name: idx_user_email; Type: INDEX; Schema: public; Owner: postgres; Tablespace: 
--

CREATE UNIQUE INDEX idx_user_email ON t_user USING btree (email);


--
-- Name: idx_user_login; Type: INDEX; Schema: public; Owner: postgres; Tablespace: 
--

CREATE UNIQUE INDEX idx_user_login ON t_user USING btree (login);


--
-- Name: FK_event_persistent_audit_event_data; Type: FK CONSTRAINT; Schema: public; Owner: postgres
--

ALTER TABLE ONLY t_persistent_audit_event_data
    ADD CONSTRAINT "FK_event_persistent_audit_event_data" FOREIGN KEY (event_id) REFERENCES t_persistent_audit_event(event_id);


--
-- Name: fk_authority_name; Type: FK CONSTRAINT; Schema: public; Owner: postgres
--

ALTER TABLE ONLY t_user_authority
    ADD CONSTRAINT fk_authority_name FOREIGN KEY (authority_name) REFERENCES t_authority(name);


--
-- Name: fk_ijin_karyawan_id; Type: FK CONSTRAINT; Schema: public; Owner: postgres
--

ALTER TABLE ONLY t_ijin
    ADD CONSTRAINT fk_ijin_karyawan_id FOREIGN KEY (karyawan_id) REFERENCES t_karyawan(id);


--
-- Name: fk_user_id; Type: FK CONSTRAINT; Schema: public; Owner: postgres
--

ALTER TABLE ONLY t_user_authority
    ADD CONSTRAINT fk_user_id FOREIGN KEY (user_id) REFERENCES t_user(id);


--
-- Name: fk_user_persistent_token; Type: FK CONSTRAINT; Schema: public; Owner: postgres
--

ALTER TABLE ONLY t_persistent_token
    ADD CONSTRAINT fk_user_persistent_token FOREIGN KEY (user_id) REFERENCES t_user(id);


--
-- Name: public; Type: ACL; Schema: -; Owner: postgres
--

REVOKE ALL ON SCHEMA public FROM PUBLIC;
REVOKE ALL ON SCHEMA public FROM postgres;
GRANT ALL ON SCHEMA public TO postgres;
GRANT ALL ON SCHEMA public TO PUBLIC;


--
-- PostgreSQL database dump complete
--

